Workbook

Sheet Komoditas besar Nasional
C1: Produksi Komoditas & Nilai Ikan | AL1: RANK | BW1: Produksi Ikan | DF1: FILTER IKAN (NILAI >=250 M)
A2: Jenis Komoditas | B2: Komoditas | C2: Aceh | D2: Sumatera Utara | E2: Sumatera Barat | F2: Riau | G2: Jambi | H2: Sumatera Selatan | I2: Bengkulu | J2: Lampung | K2: Kepulauan Bangka Belitung | L2: Kepulauan Riau | M2: DKI Jakarta | N2: Jawa Barat | O2: Jawa Tengah | P2: DI Yogyakarta | Q2: Jawa Timur | R2: Banten | S2: Bali | T2: Nusa Tenggara Barat | U2: Nusa Tenggara Timur | V2: Kalimantan Barat | W2: Kalimantan Tengah | X2: Kalimantan Selatan | Y2: Kalimantan Timur | Z2: Kalimantan Utara | AA2: Sulawesi Utara | AB2: Sulawesi Tengah | AC2: Sulawesi Selatan | AD2: Sulawesi Tenggara | AE2: Gorontalo | AF2: Sulawesi Barat | AG2: Maluku | AH2: Maluku Utara | AI2: Papua Barat | AJ2: Papua | AL2: Aceh | AM2: Sumatera Utara | AN2: Sumatera Barat | AO2: Riau | AP2: Jambi | AQ2: Sumatera Selatan | AR2: Bengkulu | AS2: Lampung | AT2: Kepulauan Bangka Belitung | AU2: Kepulauan Riau | AV2: DKI Jakarta | AW2: Jawa Barat | AX2: Jawa Tengah | AY2: DI Yogyakarta | AZ2: Jawa Timur | BA2: Banten | BB2: Bali | BC2: Nusa Tenggara Barat | BD2: Nusa Tenggara Timur | BE2: Kalimantan Barat | BF2: Kalimantan Tengah | BG2: Kalimantan Selatan | BH2: Kalimantan Timur | BI2: Kalimantan Utara | BJ2: Sulawesi Utara | BK2: Sulawesi Tengah | BL2: Sulawesi Selatan | BM2: Sulawesi Tenggara | BN2: Gorontalo | BO2: Sulawesi Barat | BP2: Maluku | BQ2: Maluku Utara | BR2: Papua Barat | BS2: Papua | BW2: Aceh | BX2: Sumatera Utara | BY2: Sumatera Barat | BZ2: Riau | CA2: Jambi | CB2: Sumatera Selatan | CC2: Bengkulu | CD2: Lampung | CE2: Kepulauan Bangka Belitung | CF2: Kepulauan Riau | CG2: DKI Jakarta | CH2: Jawa Barat | CI2: Jawa Tengah | CJ2: DI Yogyakarta | CK2: Jawa Timur | CL2: Banten | CM2: Bali | CN2: Nusa Tenggara Barat | CO2: Nusa Tenggara Timur | CP2: Kalimantan Barat | CQ2: Kalimantan Tengah | CR2: Kalimantan Selatan | CS2: Kalimantan Timur | CT2: Kalimantan Utara | CU2: Sulawesi Utara | CV2: Sulawesi Tengah | CW2: Sulawesi Selatan | CX2: Sulawesi Tenggara | CY2: Gorontalo | CZ2: Sulawesi Barat | DA2: Maluku | DB2: Maluku Utara | DC2: Papua Barat | DD2: Papua | DF2: Aceh | DG2: Sumatera Utara | DH2: Sumatera Barat | DI2: Riau | DJ2: Jambi | DK2: Sumatera Selatan | DL2: Bengkulu | DM2: Lampung | DN2: Kepulauan Bangka Belitung | DO2: Kepulauan Riau | DP2: DKI Jakarta | DQ2: Jawa Barat | DR2: Jawa Tengah | DS2: DI Yogyakarta | DT2: Jawa Timur | DU2: Banten | DV2: Bali | DW2: Nusa Tenggara Barat | DX2: Nusa Tenggara Timur | DY2: Kalimantan Barat | DZ2: Kalimantan Tengah | EA2: Kalimantan Selatan | EB2: Kalimantan Timur | EC2: Kalimantan Utara | ED2: Sulawesi Utara | EE2: Sulawesi Tengah | EF2: Sulawesi Selatan | EG2: Sulawesi Tenggara | EH2: Gorontalo | EI2: Sulawesi Barat | EJ2: Maluku | EK2: Maluku Utara | EL2: Papua Barat | EM2: Papua
A3: Tanaman Pangan | B3: Padi (Ton) | C3: =INDEX('raw-all-komoditas'!$B$3:$ZY$37, MATCH('Komoditas besar Nasional'!C$2,'raw-all-komoditas'!$B$3:$B$37,0), MATCH('Komoditas besar Nasional'!$B3,'raw-all-komoditas'!$B$3:$ZY$3,0)) -> 1404235 | D3: =INDEX('raw-all-komoditas'!$B$3:$ZY$37, MATCH('Komoditas besar Nasional'!D$2,'raw-all-komoditas'!$B$3:$B$37,0), MATCH('Komoditas besar Nasional'!$B3,'raw-all-komoditas'!$B$3:$ZY$3,0)) -> 2087474 | E3: =INDEX('raw-all-komoditas'!$B$3:$ZY$37, MATCH('Komoditas besar Nasional'!E$2,'raw-all-komoditas'!$B$3:$B$37,0), MATCH('Komoditas besar Nasional'!$B3,'raw-all-komoditas'!$B$3:$ZY$3,0)) -> 1482469 | F3: =INDEX('raw-all-komoditas'!$B$3:$ZY$37, MATCH('Komoditas besar Nasional'!F$2,'raw-all-komoditas'!$B$3:$B$37,0), MATCH('Komoditas besar Nasional'!$B3,'raw-all-komoditas'!$B$3:$ZY$3,0)) -> 205973 | G3: =INDEX('raw-all-komoditas'!$B$3:$ZY$37, MATCH('Komoditas besar Nasional'!G$2,'raw-all-komoditas'!$B$3:$B$37,0), MATCH('Komoditas besar Nasional'!$B3,'raw-all-komoditas'!$B$3:$ZY$3,0)) -> 275941 | H3: =INDEX('raw-all-komoditas'!$B$3:$ZY$37, MATCH('Komoditas besar Nasional'!H$2,'raw-all-komoditas'!$B$3:$B$37,0), MATCH('Komoditas besar Nasional'!$B3,'raw-all-komoditas'!$B$3:$ZY$3,0)) -> 2832774 | I3: =INDEX('raw-all-komoditas'!$B$3:$ZY$37, MATCH('Komoditas besar Nasional'!I$2,'raw-all-komoditas'!$B$3:$B$37,0), MATCH('Komoditas besar Nasional'!$B3,'raw-all-komoditas'!$B$3:$ZY$3,0)) -> 286684 | J3: =INDEX('raw-all-komoditas'!$B$3:$ZY$37, MATCH('Komoditas besar Nasional'!J$2,'raw-all-komoditas'!$B$3:$B$37,0), MATCH('Komoditas besar Nasional'!$B3,'raw-all-komoditas'!$B$3:$ZY$3,0)) -> 2757898 | ... AJ3: =INDEX('raw-all-komoditas'!$B$3:$ZY$37, MATCH('Komoditas besar Nasional'!AJ$2,'raw-all-komoditas'!$B$3:$B$37,0), MATCH('Komoditas besar Nasional'!$B3,'raw-all-komoditas'!$B$3:$ZY$3,0)) -> 196834 | AL3: =INDEX('rank provinsi to commodity'!$B$3:$ZX$37, MATCH(AL$2,'rank provinsi to commodity'!$B$3:$B$37,0),MATCH($B3,'rank provinsi to commodity'!$B$3:$ZX$3,0)) -> 11 | AM3: =INDEX('rank provinsi to commodity'!$B$3:$ZX$37, MATCH(AM$2,'rank provinsi to commodity'!$B$3:$B$37,0),MATCH($B3,'rank provinsi to commodity'!$B$3:$ZX$3,0)) -> 7 | AN3: =INDEX('rank provinsi to commodity'!$B$3:$ZX$37, MATCH(AN$2,'rank provinsi to commodity'!$B$3:$B$37,0),MATCH($B3,'rank provinsi to commodity'!$B$3:$ZX$3,0)) -> 10 | AO3: =INDEX('rank provinsi to commodity'!$B$3:$ZX$37, MATCH(AO$2,'rank provinsi to commodity'!$B$3:$B$37,0),MATCH($B3,'rank provinsi to commodity'!$B$3:$ZX$3,0)) -> 26 | AP3: =INDEX('rank provinsi to commodity'!$B$3:$ZX$37, MATCH(AP$2,'rank provinsi to commodity'!$B$3:$B$37,0),MATCH($B3,'rank provinsi to commodity'!$B$3:$ZX$3,0)) -> 22 | AQ3: =INDEX('rank provinsi to commodity'!$B$3:$ZX$37, MATCH(AQ$2,'rank provinsi to commodity'!$B$3:$B$37,0),MATCH($B3,'rank provinsi to commodity'!$B$3:$ZX$3,0)) -> 5 | AR3: =INDEX('rank provinsi to commodity'!$B$3:$ZX$37, MATCH(AR$2,'rank provinsi to commodity'!$B$3:$B$37,0),MATCH($B3,'rank provinsi to commodity'!$B$3:$ZX$3,0)) -> 21 | AS3: =INDEX('rank provinsi to commodity'!$B$3:$ZX$37, MATCH(AS$2,'rank provinsi to commodity'!$B$3:$B$37,0),MATCH($B3,'rank provinsi to commodity'!$B$3:$ZX$3,0)) -> 6 | ... BS3: =INDEX('rank provinsi to commodity'!$B$3:$ZX$37, MATCH(BS$2,'rank provinsi to commodity'!$B$3:$B$37,0),MATCH($B3,'rank provinsi to commodity'!$B$3:$ZX$3,0)) -> 27
A4: Tanaman Pangan | B4: Jagung (Ton) | C4: =INDEX('raw-all-komoditas'!$B$3:$ZY$37, MATCH('Komoditas besar Nasional'!C$2,'raw-all-komoditas'!$B$3:$B$37,0), MATCH('Komoditas besar Nasional'!$B4,'raw-all-komoditas'!$B$3:$ZY$3,0)) -> 89771 | D4: =INDEX('raw-all-komoditas'!$B$3:$ZY$37, MATCH('Komoditas besar Nasional'!D$2,'raw-all-komoditas'!$B$3:$B$37,0), MATCH('Komoditas besar Nasional'!$B4,'raw-all-komoditas'!$B$3:$ZY$3,0)) -> 1817094 | E4: =INDEX('raw-all-komoditas'!$B$3:$ZY$37, MATCH('Komoditas besar Nasional'!E$2,'raw-all-komoditas'!$B$3:$B$37,0), MATCH('Komoditas besar Nasional'!$B4,'raw-all-komoditas'!$B$3:$ZY$3,0)) -> 669898 | F4: =INDEX('raw-all-komoditas'!$B$3:$ZY$37, MATCH('Komoditas besar Nasional'!F$2,'raw-all-komoditas'!$B$3:$B$37,0), MATCH('Komoditas besar Nasional'!$B4,'raw-all-komoditas'!$B$3:$ZY$3,0)) -> 932 | G4: =INDEX('raw-all-komoditas'!$B$3:$ZY$37, MATCH('Komoditas besar Nasional'!G$2,'raw-all-komoditas'!$B$3:$B$37,0), MATCH('Komoditas besar Nasional'!$B4,'raw-all-komoditas'!$B$3:$ZY$3,0)) -> 6391 | H4: =INDEX('raw-all-komoditas'!$B$3:$ZY$37, MATCH('Komoditas besar Nasional'!H$2,'raw-all-komoditas'!$B$3:$B$37,0), MATCH('Komoditas besar Nasional'!$B4,'raw-all-komoditas'!$B$3:$ZY$3,0)) -> 385042 | I4: =INDEX('raw-all-komoditas'!$B$3:$ZY$37, MATCH('Komoditas besar Nasional'!I$2,'raw-all-komoditas'!$B$3:$B$37,0), MATCH('Komoditas besar Nasional'!$B4,'raw-all-komoditas'!$B$3:$ZY$3,0)) -> 68206 | J4: =INDEX('raw-all-komoditas'!$B$3:$ZY$37, MATCH('Komoditas besar Nasional'!J$2,'raw-all-komoditas'!$B$3:$B$37,0), MATCH('Komoditas besar Nasional'!$B4,'raw-all-komoditas'!$B$3:$ZY$3,0)) -> 1492915 | ... AJ4: =INDEX('raw-all-komoditas'!$B$3:$ZY$37, MATCH('Komoditas besar Nasional'!AJ$2,'raw-all-komoditas'!$B$3:$B$37,0), MATCH('Komoditas besar Nasional'!$B4,'raw-all-komoditas'!$B$3:$ZY$3,0)) -> 17394 | AL4: =INDEX('rank provinsi to commodity'!$B$3:$ZX$37, MATCH(AL$2,'rank provinsi to commodity'!$B$3:$B$37,0),MATCH($B4,'rank provinsi to commodity'!$B$3:$ZX$3,0)) -> 17 | AM4: =INDEX('rank provinsi to commodity'!$B$3:$ZX$37, MATCH(AM$2,'rank provinsi to commodity'!$B$3:$B$37,0),MATCH($B4,'rank provinsi to commodity'!$B$3:$ZX$3,0)) -> 3 | AN4: =INDEX('rank provinsi to commodity'!$B$3:$ZX$37, MATCH(AN$2,'rank provinsi to commodity'!$B$3:$B$37,0),MATCH($B4,'rank provinsi to commodity'!$B$3:$ZX$3,0)) -> 9 | AO4: =INDEX('rank provinsi to commodity'!$B$3:$ZX$37, MATCH(AO$2,'rank provinsi to commodity'!$B$3:$B$37,0),MATCH($B4,'rank provinsi to commodity'!$B$3:$ZX$3,0)) -> 31 | AP4: =INDEX('rank provinsi to commodity'!$B$3:$ZX$37, MATCH(AP$2,'rank provinsi to commodity'!$B$3:$B$37,0),MATCH($B4,'rank provinsi to commodity'!$B$3:$ZX$3,0)) -> 28 | AQ4: =INDEX('rank provinsi to commodity'!$B$3:$ZX$37, MATCH(AQ$2,'rank provinsi to commodity'!$B$3:$B$37,0),MATCH($B4,'rank provinsi to commodity'!$B$3:$ZX$3,0)) -> 10 | AR4: =INDEX('rank provinsi to commodity'!$B$3:$ZX$37, MATCH(AR$2,'rank provinsi to commodity'!$B$3:$B$37,0),MATCH($B4,'rank provinsi to commodity'!$B$3:$ZX$3,0)) -> 19 | AS4: =INDEX('rank provinsi to commodity'!$B$3:$ZX$37, MATCH(AS$2,'rank provinsi to commodity'!$B$3:$B$37,0),MATCH($B4,'rank provinsi to commodity'!$B$3:$ZX$3,0)) -> 5 | ... BS4: =INDEX('rank provinsi to commodity'!$B$3:$ZX$37, MATCH(BS$2,'rank provinsi to commodity'!$B$3:$B$37,0),MATCH($B4,'rank provinsi to commodity'!$B$3:$ZX$3,0)) -> 24
A5: Tanaman Pangan | B5: Kedelai (Ton) | C5: =INDEX('raw-all-komoditas'!$B$3:$ZY$37, MATCH('Komoditas besar Nasional'!C$2,'raw-all-komoditas'!$B$3:$B$37,0), MATCH('Komoditas besar Nasional'!$B5,'raw-all-komoditas'!$B$3:$ZY$3,0)) -> 11604 | D5: =INDEX('raw-all-komoditas'!$B$3:$ZY$37, MATCH('Komoditas besar Nasional'!D$2,'raw-all-komoditas'!$B$3:$B$37,0), MATCH('Komoditas besar Nasional'!$B5,'raw-all-komoditas'!$B$3:$ZY$3,0)) -> 15993 | E5: =INDEX('raw-all-komoditas'!$B$3:$ZY$37, MATCH('Komoditas besar Nasional'!E$2,'raw-all-komoditas'!$B$3:$B$37,0), MATCH('Komoditas besar Nasional'!$B5,'raw-all-komoditas'!$B$3:$ZY$3,0)) -> 23 | F5: =INDEX('raw-all-komoditas'!$B$3:$ZY$37, MATCH('Komoditas besar Nasional'!F$2,'raw-all-komoditas'!$B$3:$B$37,0), MATCH('Komoditas besar Nasional'!$B5,'raw-all-komoditas'!$B$3:$ZY$3,0)) -> 364 | G5: =INDEX('raw-all-komoditas'!$B$3:$ZY$37, MATCH('Komoditas besar Nasional'!G$2,'raw-all-komoditas'!$B$3:$B$37,0), MATCH('Komoditas besar Nasional'!$B5,'raw-all-komoditas'!$B$3:$ZY$3,0)) -> 4512 | H5: =INDEX('raw-all-komoditas'!$B$3:$ZY$37, MATCH('Komoditas besar Nasional'!H$2,'raw-all-komoditas'!$B$3:$B$37,0), MATCH('Komoditas besar Nasional'!$B5,'raw-all-komoditas'!$B$3:$ZY$3,0)) -> 210 | I5: =INDEX('raw-all-komoditas'!$B$3:$ZY$37, MATCH('Komoditas besar Nasional'!I$2,'raw-all-komoditas'!$B$3:$B$37,0), MATCH('Komoditas besar Nasional'!$B5,'raw-all-komoditas'!$B$3:$ZY$3,0)) -> 999 | J5: =INDEX('raw-all-komoditas'!$B$3:$ZY$37, MATCH('Komoditas besar Nasional'!J$2,'raw-all-komoditas'!$B$3:$B$37,0), MATCH('Komoditas besar Nasional'!$B5,'raw-all-komoditas'!$B$3:$ZY$3,0)) -> 7412 | ... AJ5: =INDEX('raw-all-komoditas'!$B$3:$ZY$37, MATCH('Komoditas besar Nasional'!AJ$2,'raw-all-komoditas'!$B$3:$B$37,0), MATCH('Komoditas besar Nasional'!$B5,'raw-all-komoditas'!$B$3:$ZY$3,0)) -> 75 | AL5: =INDEX('rank provinsi to commodity'!$B$3:$ZX$37, MATCH(AL$2,'rank provinsi to commodity'!$B$3:$B$37,0),MATCH($B5,'rank provinsi to commodity'!$B$3:$ZX$3,0)) -> 6 | AM5: =INDEX('rank provinsi to commodity'!$B$3:$ZX$37, MATCH(AM$2,'rank provinsi to commodity'!$B$3:$B$37,0),MATCH($B5,'rank provinsi to commodity'!$B$3:$ZX$3,0)) -> 5 | AN5: =INDEX('rank provinsi to commodity'!$B$3:$ZX$37, MATCH(AN$2,'rank provinsi to commodity'!$B$3:$B$37,0),MATCH($B5,'rank provinsi to commodity'!$B$3:$ZX$3,0)) -> 29 | AO5: =INDEX('rank provinsi to commodity'!$B$3:$ZX$37, MATCH(AO$2,'rank provinsi to commodity'!$B$3:$B$37,0),MATCH($B5,'rank provinsi to commodity'!$B$3:$ZX$3,0)) -> 20 | AP5: =INDEX('rank provinsi to commodity'!$B$3:$ZX$37, MATCH(AP$2,'rank provinsi to commodity'!$B$3:$B$37,0),MATCH($B5,'rank provinsi to commodity'!$B$3:$ZX$3,0)) -> 13 | AQ5: =INDEX('rank provinsi to commodity'!$B$3:$ZX$37, MATCH(AQ$2,'rank provinsi to commodity'!$B$3:$B$37,0),MATCH($B5,'rank provinsi to commodity'!$B$3:$ZX$3,0)) -> 21 | AR5: =INDEX('rank provinsi to commodity'!$B$3:$ZX$37, MATCH(AR$2,'rank provinsi to commodity'!$B$3:$B$37,0),MATCH($B5,'rank provinsi to commodity'!$B$3:$ZX$3,0)) -> 19 | AS5: =INDEX('rank provinsi to commodity'!$B$3:$ZX$37, MATCH(AS$2,'rank provinsi to commodity'!$B$3:$B$37,0),MATCH($B5,'rank provinsi to commodity'!$B$3:$ZX$3,0)) -> 11 | ... BS5: =INDEX('rank provinsi to commodity'!$B$3:$ZX$37, MATCH(BS$2,'rank provinsi to commodity'!$B$3:$B$37,0),MATCH($B5,'rank provinsi to commodity'!$B$3:$ZX$3,0)) -> 26
A6: Tanaman Pangan | B6: Kacang Tanah (Ton) | C6: =INDEX('raw-all-komoditas'!$B$3:$ZY$37, MATCH('Komoditas besar Nasional'!C$2,'raw-all-komoditas'!$B$3:$B$37,0), MATCH('Komoditas besar Nasional'!$B6,'raw-all-komoditas'!$B$3:$ZY$3,0)) -> 1835 | D6: =INDEX('raw-all-komoditas'!$B$3:$ZY$37, MATCH('Komoditas besar Nasional'!D$2,'raw-all-komoditas'!$B$3:$B$37,0), MATCH('Komoditas besar Nasional'!$B6,'raw-all-komoditas'!$B$3:$ZY$3,0)) -> 7355 | E6: =INDEX('raw-all-komoditas'!$B$3:$ZY$37, MATCH('Komoditas besar Nasional'!E$2,'raw-all-komoditas'!$B$3:$B$37,0), MATCH('Komoditas besar Nasional'!$B6,'raw-all-komoditas'!$B$3:$ZY$3,0)) -> 2915 | F6: =INDEX('raw-all-komoditas'!$B$3:$ZY$37, MATCH('Komoditas besar Nasional'!F$2,'raw-all-komoditas'!$B$3:$B$37,0), MATCH('Komoditas besar Nasional'!$B6,'raw-all-komoditas'!$B$3:$ZY$3,0)) -> 418 | G6: =INDEX('raw-all-komoditas'!$B$3:$ZY$37, MATCH('Komoditas besar Nasional'!G$2,'raw-all-komoditas'!$B$3:$B$37,0), MATCH('Komoditas besar Nasional'!$B6,'raw-all-komoditas'!$B$3:$ZY$3,0)) -> 1460 | H6: =INDEX('raw-all-komoditas'!$B$3:$ZY$37, MATCH('Komoditas besar Nasional'!H$2,'raw-all-komoditas'!$B$3:$B$37,0), MATCH('Komoditas besar Nasional'!$B6,'raw-all-komoditas'!$B$3:$ZY$3,0)) -> 1357 | I6: =INDEX('raw-all-komoditas'!$B$3:$ZY$37, MATCH('Komoditas besar Nasional'!I$2,'raw-all-komoditas'!$B$3:$B$37,0), MATCH('Komoditas besar Nasional'!$B6,'raw-all-komoditas'!$B$3:$ZY$3,0)) -> 1638 | J6: =INDEX('raw-all-komoditas'!$B$3:$ZY$37, MATCH('Komoditas besar Nasional'!J$2,'raw-all-komoditas'!$B$3:$B$37,0), MATCH('Komoditas besar Nasional'!$B6,'raw-all-komoditas'!$B$3:$ZY$3,0)) -> 1750 | ... AJ6: =INDEX('raw-all-komoditas'!$B$3:$ZY$37, MATCH('Komoditas besar Nasional'!AJ$2,'raw-all-komoditas'!$B$3:$B$37,0), MATCH('Komoditas besar Nasional'!$B6,'raw-all-komoditas'!$B$3:$ZY$3,0)) -> 0 | AL6: =INDEX('rank provinsi to commodity'!$B$3:$ZX$37, MATCH(AL$2,'rank provinsi to commodity'!$B$3:$B$37,0),MATCH($B6,'rank provinsi to commodity'!$B$3:$ZX$3,0)) -> 13 | AM6: =INDEX('rank provinsi to commodity'!$B$3:$ZX$37, MATCH(AM$2,'rank provinsi to commodity'!$B$3:$B$37,0),MATCH($B6,'rank provinsi to commodity'!$B$3:$ZX$3,0)) -> 8 | AN6: =INDEX('rank provinsi to commodity'!$B$3:$ZX$37, MATCH(AN$2,'rank provinsi to commodity'!$B$3:$B$37,0),MATCH($B6,'rank provinsi to commodity'!$B$3:$ZX$3,0)) -> 10 | AO6: =INDEX('rank provinsi to commodity'!$B$3:$ZX$37, MATCH(AO$2,'rank provinsi to commodity'!$B$3:$B$37,0),MATCH($B6,'rank provinsi to commodity'!$B$3:$ZX$3,0)) -> 22 | AP6: =INDEX('rank provinsi to commodity'!$B$3:$ZX$37, MATCH(AP$2,'rank provinsi to commodity'!$B$3:$B$37,0),MATCH($B6,'rank provinsi to commodity'!$B$3:$ZX$3,0)) -> 19 | AQ6: =INDEX('rank provinsi to commodity'!$B$3:$ZX$37, MATCH(AQ$2,'rank provinsi to commodity'!$B$3:$B$37,0),MATCH($B6,'rank provinsi to commodity'!$B$3:$ZX$3,0)) -> 20 | AR6: =INDEX('rank provinsi to commodity'!$B$3:$ZX$37, MATCH(AR$2,'rank provinsi to commodity'!$B$3:$B$37,0),MATCH($B6,'rank provinsi to commodity'!$B$3:$ZX$3,0)) -> 17 | AS6: =INDEX('rank provinsi to commodity'!$B$3:$ZX$37, MATCH(AS$2,'rank provinsi to commodity'!$B$3:$B$37,0),MATCH($B6,'rank provinsi to commodity'!$B$3:$ZX$3,0)) -> 15 | ... BS6: =INDEX('rank provinsi to commodity'!$B$3:$ZX$37, MATCH(BS$2,'rank provinsi to commodity'!$B$3:$B$37,0),MATCH($B6,'rank provinsi to commodity'!$B$3:$ZX$3,0)) -> 33
A7: Tanaman Pangan | B7: Kacang Hijau (Ton) | C7: =INDEX('raw-all-komoditas'!$B$3:$ZY$37, MATCH('Komoditas besar Nasional'!C$2,'raw-all-komoditas'!$B$3:$B$37,0), MATCH('Komoditas besar Nasional'!$B7,'raw-all-komoditas'!$B$3:$ZY$3,0)) -> 354 | D7: =INDEX('raw-all-komoditas'!$B$3:$ZY$37, MATCH('Komoditas besar Nasional'!D$2,'raw-all-komoditas'!$B$3:$B$37,0), MATCH('Komoditas besar Nasional'!$B7,'raw-all-komoditas'!$B$3:$ZY$3,0)) -> 2237 | E7: =INDEX('raw-all-komoditas'!$B$3:$ZY$37, MATCH('Komoditas besar Nasional'!E$2,'raw-all-komoditas'!$B$3:$B$37,0), MATCH('Komoditas besar Nasional'!$B7,'raw-all-komoditas'!$B$3:$ZY$3,0)) -> 251 | F7: =INDEX('raw-all-komoditas'!$B$3:$ZY$37, MATCH('Komoditas besar Nasional'!F$2,'raw-all-komoditas'!$B$3:$B$37,0), MATCH('Komoditas besar Nasional'!$B7,'raw-all-komoditas'!$B$3:$ZY$3,0)) -> 127 | G7: =INDEX('raw-all-komoditas'!$B$3:$ZY$37, MATCH('Komoditas besar Nasional'!G$2,'raw-all-komoditas'!$B$3:$B$37,0), MATCH('Komoditas besar Nasional'!$B7,'raw-all-komoditas'!$B$3:$ZY$3,0)) -> 68 | H7: =INDEX('raw-all-komoditas'!$B$3:$ZY$37, MATCH('Komoditas besar Nasional'!H$2,'raw-all-komoditas'!$B$3:$B$37,0), MATCH('Komoditas besar Nasional'!$B7,'raw-all-komoditas'!$B$3:$ZY$3,0)) -> 146 | I7: =INDEX('raw-all-komoditas'!$B$3:$ZY$37, MATCH('Komoditas besar Nasional'!I$2,'raw-all-komoditas'!$B$3:$B$37,0), MATCH('Komoditas besar Nasional'!$B7,'raw-all-komoditas'!$B$3:$ZY$3,0)) -> 206 | J7: =INDEX('raw-all-komoditas'!$B$3:$ZY$37, MATCH('Komoditas besar Nasional'!J$2,'raw-all-komoditas'!$B$3:$B$37,0), MATCH('Komoditas besar Nasional'!$B7,'raw-all-komoditas'!$B$3:$ZY$3,0)) -> 443 | ... AJ7: =INDEX('raw-all-komoditas'!$B$3:$ZY$37, MATCH('Komoditas besar Nasional'!AJ$2,'raw-all-komoditas'!$B$3:$B$37,0), MATCH('Komoditas besar Nasional'!$B7,'raw-all-komoditas'!$B$3:$ZY$3,0)) -> 0 | AL7: =INDEX('rank provinsi to commodity'!$B$3:$ZX$37, MATCH(AL$2,'rank provinsi to commodity'!$B$3:$B$37,0),MATCH($B7,'rank provinsi to commodity'!$B$3:$ZX$3,0)) -> 10 | AM7: =INDEX('rank provinsi to commodity'!$B$3:$ZX$37, MATCH(AM$2,'rank provinsi to commodity'!$B$3:$B$37,0),MATCH($B7,'rank provinsi to commodity'!$B$3:$ZX$3,0)) -> 7 | AN7: =INDEX('rank provinsi to commodity'!$B$3:$ZX$37, MATCH(AN$2,'rank provinsi to commodity'!$B$3:$B$37,0),MATCH($B7,'rank provinsi to commodity'!$B$3:$ZX$3,0)) -> 13 | AO7: =INDEX('rank provinsi to commodity'!$B$3:$ZX$37, MATCH(AO$2,'rank provinsi to commodity'!$B$3:$B$37,0),MATCH($B7,'rank provinsi to commodity'!$B$3:$ZX$3,0)) -> 19 | AP7: =INDEX('rank provinsi to commodity'!$B$3:$ZX$37, MATCH(AP$2,'rank provinsi to commodity'!$B$3:$B$37,0),MATCH($B7,'rank provinsi to commodity'!$B$3:$ZX$3,0)) -> 21 | AQ7: =INDEX('rank provinsi to commodity'!$B$3:$ZX$37, MATCH(AQ$2,'rank provinsi to commodity'!$B$3:$B$37,0),MATCH($B7,'rank provinsi to commodity'!$B$3:$ZX$3,0)) -> 18 | AR7: =INDEX('rank provinsi to commodity'!$B$3:$ZX$37, MATCH(AR$2,'rank provinsi to commodity'!$B$3:$B$37,0),MATCH($B7,'rank provinsi to commodity'!$B$3:$ZX$3,0)) -> 15 | AS7: =INDEX('rank provinsi to commodity'!$B$3:$ZX$37, MATCH(AS$2,'rank provinsi to commodity'!$B$3:$B$37,0),MATCH($B7,'rank provinsi to commodity'!$B$3:$ZX$3,0)) -> 9 | ... BS7: =INDEX('rank provinsi to commodity'!$B$3:$ZX$37, MATCH(BS$2,'rank provinsi to commodity'!$B$3:$B$37,0),MATCH($B7,'rank provinsi to commodity'!$B$3:$ZX$3,0)) -> 30
A8: Tanaman Pangan | B8: Ubi Kayu (Ton) | C8: =INDEX('raw-all-komoditas'!$B$3:$ZY$37, MATCH('Komoditas besar Nasional'!C$2,'raw-all-komoditas'!$B$3:$B$37,0), MATCH('Komoditas besar Nasional'!$B8,'raw-all-komoditas'!$B$3:$ZY$3,0)) -> 36087 | D8: =INDEX('raw-all-komoditas'!$B$3:$ZY$37, MATCH('Komoditas besar Nasional'!D$2,'raw-all-komoditas'!$B$3:$B$37,0), MATCH('Komoditas besar Nasional'!$B8,'raw-all-komoditas'!$B$3:$ZY$3,0)) -> 1099641 | E8: =INDEX('raw-all-komoditas'!$B$3:$ZY$37, MATCH('Komoditas besar Nasional'!E$2,'raw-all-komoditas'!$B$3:$B$37,0), MATCH('Komoditas besar Nasional'!$B8,'raw-all-komoditas'!$B$3:$ZY$3,0)) -> 131981 | F8: =INDEX('raw-all-komoditas'!$B$3:$ZY$37, MATCH('Komoditas besar Nasional'!F$2,'raw-all-komoditas'!$B$3:$B$37,0), MATCH('Komoditas besar Nasional'!$B8,'raw-all-komoditas'!$B$3:$ZY$3,0)) -> 57786 | G8: =INDEX('raw-all-komoditas'!$B$3:$ZY$37, MATCH('Komoditas besar Nasional'!G$2,'raw-all-komoditas'!$B$3:$B$37,0), MATCH('Komoditas besar Nasional'!$B8,'raw-all-komoditas'!$B$3:$ZY$3,0)) -> 54739 | H8: =INDEX('raw-all-komoditas'!$B$3:$ZY$37, MATCH('Komoditas besar Nasional'!H$2,'raw-all-komoditas'!$B$3:$B$37,0), MATCH('Komoditas besar Nasional'!$B8,'raw-all-komoditas'!$B$3:$ZY$3,0)) -> 207205 | I8: =INDEX('raw-all-komoditas'!$B$3:$ZY$37, MATCH('Komoditas besar Nasional'!I$2,'raw-all-komoditas'!$B$3:$B$37,0), MATCH('Komoditas besar Nasional'!$B8,'raw-all-komoditas'!$B$3:$ZY$3,0)) -> 25730 | J8: =INDEX('raw-all-komoditas'!$B$3:$ZY$37, MATCH('Komoditas besar Nasional'!J$2,'raw-all-komoditas'!$B$3:$B$37,0), MATCH('Komoditas besar Nasional'!$B8,'raw-all-komoditas'!$B$3:$ZY$3,0)) -> 7227672 | ... AJ8: =INDEX('raw-all-komoditas'!$B$3:$ZY$37, MATCH('Komoditas besar Nasional'!AJ$2,'raw-all-komoditas'!$B$3:$B$37,0), MATCH('Komoditas besar Nasional'!$B8,'raw-all-komoditas'!$B$3:$ZY$3,0)) -> 0 | AL8: =INDEX('rank provinsi to commodity'!$B$3:$ZX$37, MATCH(AL$2,'rank provinsi to commodity'!$B$3:$B$37,0),MATCH($B8,'rank provinsi to commodity'!$B$3:$ZX$3,0)) -> 21 | AM8: =INDEX('rank provinsi to commodity'!$B$3:$ZX$37, MATCH(AM$2,'rank provinsi to commodity'!$B$3:$B$37,0),MATCH($B8,'rank provinsi to commodity'!$B$3:$ZX$3,0)) -> 5 | AN8: =INDEX('rank provinsi to commodity'!$B$3:$ZX$37, MATCH(AN$2,'rank provinsi to commodity'!$B$3:$B$37,0),MATCH($B8,'rank provinsi to commodity'!$B$3:$ZX$3,0)) -> 11 | AO8: =INDEX('rank provinsi to commodity'!$B$3:$ZX$37, MATCH(AO$2,'rank provinsi to commodity'!$B$3:$B$37,0),MATCH($B8,'rank provinsi to commodity'!$B$3:$ZX$3,0)) -> 14 | AP8: =INDEX('rank provinsi to commodity'!$B$3:$ZX$37, MATCH(AP$2,'rank provinsi to commodity'!$B$3:$B$37,0),MATCH($B8,'rank provinsi to commodity'!$B$3:$ZX$3,0)) -> 15 | AQ8: =INDEX('rank provinsi to commodity'!$B$3:$ZX$37, MATCH(AQ$2,'rank provinsi to commodity'!$B$3:$B$37,0),MATCH($B8,'rank provinsi to commodity'!$B$3:$ZX$3,0)) -> 9 | AR8: =INDEX('rank provinsi to commodity'!$B$3:$ZX$37, MATCH(AR$2,'rank provinsi to commodity'!$B$3:$B$37,0),MATCH($B8,'rank provinsi to commodity'!$B$3:$ZX$3,0)) -> 27 | AS8: =INDEX('rank provinsi to commodity'!$B$3:$ZX$37, MATCH(AS$2,'rank provinsi to commodity'!$B$3:$B$37,0),MATCH($B8,'rank provinsi to commodity'!$B$3:$ZX$3,0)) -> 1 | ... BS8: =INDEX('rank provinsi to commodity'!$B$3:$ZX$37, MATCH(BS$2,'rank provinsi to commodity'!$B$3:$B$37,0),MATCH($B8,'rank provinsi to commodity'!$B$3:$ZX$3,0)) -> 33
A9: Tanaman Pangan | B9: Ubi Jalar (Ton) | C9: =INDEX('raw-all-komoditas'!$B$3:$ZY$37, MATCH('Komoditas besar Nasional'!C$2,'raw-all-komoditas'!$B$3:$B$37,0), MATCH('Komoditas besar Nasional'!$B9,'raw-all-komoditas'!$B$3:$ZY$3,0)) -> 7207 | D9: =INDEX('raw-all-komoditas'!$B$3:$ZY$37, MATCH('Komoditas besar Nasional'!D$2,'raw-all-komoditas'!$B$3:$B$37,0), MATCH('Komoditas besar Nasional'!$B9,'raw-all-komoditas'!$B$3:$ZY$3,0)) -> 92617 | E9: =INDEX('raw-all-komoditas'!$B$3:$ZY$37, MATCH('Komoditas besar Nasional'!E$2,'raw-all-komoditas'!$B$3:$B$37,0), MATCH('Komoditas besar Nasional'!$B9,'raw-all-komoditas'!$B$3:$ZY$3,0)) -> 130296 | F9: =INDEX('raw-all-komoditas'!$B$3:$ZY$37, MATCH('Komoditas besar Nasional'!F$2,'raw-all-komoditas'!$B$3:$B$37,0), MATCH('Komoditas besar Nasional'!$B9,'raw-all-komoditas'!$B$3:$ZY$3,0)) -> 3378 | G9: =INDEX('raw-all-komoditas'!$B$3:$ZY$37, MATCH('Komoditas besar Nasional'!G$2,'raw-all-komoditas'!$B$3:$B$37,0), MATCH('Komoditas besar Nasional'!$B9,'raw-all-komoditas'!$B$3:$ZY$3,0)) -> 25817 | H9: =INDEX('raw-all-komoditas'!$B$3:$ZY$37, MATCH('Komoditas besar Nasional'!H$2,'raw-all-komoditas'!$B$3:$B$37,0), MATCH('Komoditas besar Nasional'!$B9,'raw-all-komoditas'!$B$3:$ZY$3,0)) -> 29054 | I9: =INDEX('raw-all-komoditas'!$B$3:$ZY$37, MATCH('Komoditas besar Nasional'!I$2,'raw-all-komoditas'!$B$3:$B$37,0), MATCH('Komoditas besar Nasional'!$B9,'raw-all-komoditas'!$B$3:$ZY$3,0)) -> 24234 | J9: =INDEX('raw-all-komoditas'!$B$3:$ZY$37, MATCH('Komoditas besar Nasional'!J$2,'raw-all-komoditas'!$B$3:$B$37,0), MATCH('Komoditas besar Nasional'!$B9,'raw-all-komoditas'!$B$3:$ZY$3,0)) -> 29589 | ... AJ9: =INDEX('raw-all-komoditas'!$B$3:$ZY$37, MATCH('Komoditas besar Nasional'!AJ$2,'raw-all-komoditas'!$B$3:$B$37,0), MATCH('Komoditas besar Nasional'!$B9,'raw-all-komoditas'!$B$3:$ZY$3,0)) -> 0 | AL9: =INDEX('rank provinsi to commodity'!$B$3:$ZX$37, MATCH(AL$2,'rank provinsi to commodity'!$B$3:$B$37,0),MATCH($B9,'rank provinsi to commodity'!$B$3:$ZX$3,0)) -> 21 | AM9: =INDEX('rank provinsi to commodity'!$B$3:$ZX$37, MATCH(AM$2,'rank provinsi to commodity'!$B$3:$B$37,0),MATCH($B9,'rank provinsi to commodity'!$B$3:$ZX$3,0)) -> 5 | AN9: =INDEX('rank provinsi to commodity'!$B$3:$ZX$37, MATCH(AN$2,'rank provinsi to commodity'!$B$3:$B$37,0),MATCH($B9,'rank provinsi to commodity'!$B$3:$ZX$3,0)) -> 3 | AO9: =INDEX('rank provinsi to commodity'!$B$3:$ZX$37, MATCH(AO$2,'rank provinsi to commodity'!$B$3:$B$37,0),MATCH($B9,'rank provinsi to commodity'!$B$3:$ZX$3,0)) -> 27 | AP9: =INDEX('rank provinsi to commodity'!$B$3:$ZX$37, MATCH(AP$2,'rank provinsi to commodity'!$B$3:$B$37,0),MATCH($B9,'rank provinsi to commodity'!$B$3:$ZX$3,0)) -> 10 | AQ9: =INDEX('rank provinsi to commodity'!$B$3:$ZX$37, MATCH(AQ$2,'rank provinsi to commodity'!$B$3:$B$37,0),MATCH($B9,'rank provinsi to commodity'!$B$3:$ZX$3,0)) -> 9 | AR9: =INDEX('rank provinsi to commodity'!$B$3:$ZX$37, MATCH(AR$2,'rank provinsi to commodity'!$B$3:$B$37,0),MATCH($B9,'rank provinsi to commodity'!$B$3:$ZX$3,0)) -> 11 | AS9: =INDEX('rank provinsi to commodity'!$B$3:$ZX$37, MATCH(AS$2,'rank provinsi to commodity'!$B$3:$B$37,0),MATCH($B9,'rank provinsi to commodity'!$B$3:$ZX$3,0)) -> 8 | ... BS9: =INDEX('rank provinsi to commodity'!$B$3:$ZX$37, MATCH(BS$2,'rank provinsi to commodity'!$B$3:$B$37,0),MATCH($B9,'rank provinsi to commodity'!$B$3:$ZX$3,0)) -> 33
A10: Tanaman Sayuran | B10: Buncis (Ton) | C10: =INDEX('raw-all-komoditas'!$B$3:$ZY$37, MATCH('Komoditas besar Nasional'!C$2,'raw-all-komoditas'!$B$3:$B$37,0), MATCH('Komoditas besar Nasional'!$B10,'raw-all-komoditas'!$B$3:$ZY$3,0)) -> 625 | D10: =INDEX('raw-all-komoditas'!$B$3:$ZY$37, MATCH('Komoditas besar Nasional'!D$2,'raw-all-komoditas'!$B$3:$B$37,0), MATCH('Komoditas besar Nasional'!$B10,'raw-all-komoditas'!$B$3:$ZY$3,0)) -> 48328 | E10: =INDEX('raw-all-komoditas'!$B$3:$ZY$37, MATCH('Komoditas besar Nasional'!E$2,'raw-all-komoditas'!$B$3:$B$37,0), MATCH('Komoditas besar Nasional'!$B10,'raw-all-komoditas'!$B$3:$ZY$3,0)) -> 41404 | F10: =INDEX('raw-all-komoditas'!$B$3:$ZY$37, MATCH('Komoditas besar Nasional'!F$2,'raw-all-komoditas'!$B$3:$B$37,0), MATCH('Komoditas besar Nasional'!$B10,'raw-all-komoditas'!$B$3:$ZY$3,0)) -> 26 | G10: =INDEX('raw-all-komoditas'!$B$3:$ZY$37, MATCH('Komoditas besar Nasional'!G$2,'raw-all-komoditas'!$B$3:$B$37,0), MATCH('Komoditas besar Nasional'!$B10,'raw-all-komoditas'!$B$3:$ZY$3,0)) -> 6647 | H10: =INDEX('raw-all-komoditas'!$B$3:$ZY$37, MATCH('Komoditas besar Nasional'!H$2,'raw-all-komoditas'!$B$3:$B$37,0), MATCH('Komoditas besar Nasional'!$B10,'raw-all-komoditas'!$B$3:$ZY$3,0)) -> 2949 | I10: =INDEX('raw-all-komoditas'!$B$3:$ZY$37, MATCH('Komoditas besar Nasional'!I$2,'raw-all-komoditas'!$B$3:$B$37,0), MATCH('Komoditas besar Nasional'!$B10,'raw-all-komoditas'!$B$3:$ZY$3,0)) -> 29093 | J10: =INDEX('raw-all-komoditas'!$B$3:$ZY$37, MATCH('Komoditas besar Nasional'!J$2,'raw-all-komoditas'!$B$3:$B$37,0), MATCH('Komoditas besar Nasional'!$B10,'raw-all-komoditas'!$B$3:$ZY$3,0)) -> 5594 | ... AJ10: =INDEX('raw-all-komoditas'!$B$3:$ZY$37, MATCH('Komoditas besar Nasional'!AJ$2,'raw-all-komoditas'!$B$3:$B$37,0), MATCH('Komoditas besar Nasional'!$B10,'raw-all-komoditas'!$B$3:$ZY$3,0)) -> 1302 | AL10: =INDEX('rank provinsi to commodity'!$B$3:$ZX$37, MATCH(AL$2,'rank provinsi to commodity'!$B$3:$B$37,0),MATCH($B10,'rank provinsi to commodity'!$B$3:$ZX$3,0)) -> 25 | AM10: =INDEX('rank provinsi to commodity'!$B$3:$ZX$37, MATCH(AM$2,'rank provinsi to commodity'!$B$3:$B$37,0),MATCH($B10,'rank provinsi to commodity'!$B$3:$ZX$3,0)) -> 2 | AN10: =INDEX('rank provinsi to commodity'!$B$3:$ZX$37, MATCH(AN$2,'rank provinsi to commodity'!$B$3:$B$37,0),MATCH($B10,'rank provinsi to commodity'!$B$3:$ZX$3,0)) -> 3 | AO10: =INDEX('rank provinsi to commodity'!$B$3:$ZX$37, MATCH(AO$2,'rank provinsi to commodity'!$B$3:$B$37,0),MATCH($B10,'rank provinsi to commodity'!$B$3:$ZX$3,0)) -> 31 | AP10: =INDEX('rank provinsi to commodity'!$B$3:$ZX$37, MATCH(AP$2,'rank provinsi to commodity'!$B$3:$B$37,0),MATCH($B10,'rank provinsi to commodity'!$B$3:$ZX$3,0)) -> 7 | AQ10: =INDEX('rank provinsi to commodity'!$B$3:$ZX$37, MATCH(AQ$2,'rank provinsi to commodity'!$B$3:$B$37,0),MATCH($B10,'rank provinsi to commodity'!$B$3:$ZX$3,0)) -> 14 | AR10: =INDEX('rank provinsi to commodity'!$B$3:$ZX$37, MATCH(AR$2,'rank provinsi to commodity'!$B$3:$B$37,0),MATCH($B10,'rank provinsi to commodity'!$B$3:$ZX$3,0)) -> 5 | AS10: =INDEX('rank provinsi to commodity'!$B$3:$ZX$37, MATCH(AS$2,'rank provinsi to commodity'!$B$3:$B$37,0),MATCH($B10,'rank provinsi to commodity'!$B$3:$ZX$3,0)) -> 8 | ... BS10: =INDEX('rank provinsi to commodity'!$B$3:$ZX$37, MATCH(BS$2,'rank provinsi to commodity'!$B$3:$B$37,0),MATCH($B10,'rank provinsi to commodity'!$B$3:$ZX$3,0)) -> 19
A11: Tanaman Sayuran | B11: Bawang Merah (Ton) | C11: =INDEX('raw-all-komoditas'!$B$3:$ZY$37, MATCH('Komoditas besar Nasional'!C$2,'raw-all-komoditas'!$B$3:$B$37,0), MATCH('Komoditas besar Nasional'!$B11,'raw-all-komoditas'!$B$3:$ZY$3,0)) -> 13673 | D11: =INDEX('raw-all-komoditas'!$B$3:$ZY$37, MATCH('Komoditas besar Nasional'!D$2,'raw-all-komoditas'!$B$3:$B$37,0), MATCH('Komoditas besar Nasional'!$B11,'raw-all-komoditas'!$B$3:$ZY$3,0)) -> 65585 | E11: =INDEX('raw-all-komoditas'!$B$3:$ZY$37, MATCH('Komoditas besar Nasional'!E$2,'raw-all-komoditas'!$B$3:$B$37,0), MATCH('Komoditas besar Nasional'!$B11,'raw-all-komoditas'!$B$3:$ZY$3,0)) -> 233917 | F11: =INDEX('raw-all-komoditas'!$B$3:$ZY$37, MATCH('Komoditas besar Nasional'!F$2,'raw-all-komoditas'!$B$3:$B$37,0), MATCH('Komoditas besar Nasional'!$B11,'raw-all-komoditas'!$B$3:$ZY$3,0)) -> 323 | G11: =INDEX('raw-all-komoditas'!$B$3:$ZY$37, MATCH('Komoditas besar Nasional'!G$2,'raw-all-komoditas'!$B$3:$B$37,0), MATCH('Komoditas besar Nasional'!$B11,'raw-all-komoditas'!$B$3:$ZY$3,0)) -> 18401 | H11: =INDEX('raw-all-komoditas'!$B$3:$ZY$37, MATCH('Komoditas besar Nasional'!H$2,'raw-all-komoditas'!$B$3:$B$37,0), MATCH('Komoditas besar Nasional'!$B11,'raw-all-komoditas'!$B$3:$ZY$3,0)) -> 1197 | I11: =INDEX('raw-all-komoditas'!$B$3:$ZY$37, MATCH('Komoditas besar Nasional'!I$2,'raw-all-komoditas'!$B$3:$B$37,0), MATCH('Komoditas besar Nasional'!$B11,'raw-all-komoditas'!$B$3:$ZY$3,0)) -> 671 | J11: =INDEX('raw-all-komoditas'!$B$3:$ZY$37, MATCH('Komoditas besar Nasional'!J$2,'raw-all-komoditas'!$B$3:$B$37,0), MATCH('Komoditas besar Nasional'!$B11,'raw-all-komoditas'!$B$3:$ZY$3,0)) -> 2193 | ... AJ11: =INDEX('raw-all-komoditas'!$B$3:$ZY$37, MATCH('Komoditas besar Nasional'!AJ$2,'raw-all-komoditas'!$B$3:$B$37,0), MATCH('Komoditas besar Nasional'!$B11,'raw-all-komoditas'!$B$3:$ZY$3,0)) -> 317 | AL11: =INDEX('rank provinsi to commodity'!$B$3:$ZX$37, MATCH(AL$2,'rank provinsi to commodity'!$B$3:$B$37,0),MATCH($B11,'rank provinsi to commodity'!$B$3:$ZX$3,0)) -> 11 | AM11: =INDEX('rank provinsi to commodity'!$B$3:$ZX$37, MATCH(AM$2,'rank provinsi to commodity'!$B$3:$B$37,0),MATCH($B11,'rank provinsi to commodity'!$B$3:$ZX$3,0)) -> 7 | AN11: =INDEX('rank provinsi to commodity'!$B$3:$ZX$37, MATCH(AN$2,'rank provinsi to commodity'!$B$3:$B$37,0),MATCH($B11,'rank provinsi to commodity'!$B$3:$ZX$3,0)) -> 3 | AO11: =INDEX('rank provinsi to commodity'!$B$3:$ZX$37, MATCH(AO$2,'rank provinsi to commodity'!$B$3:$B$37,0),MATCH($B11,'rank provinsi to commodity'!$B$3:$ZX$3,0)) -> 26 | AP11: =INDEX('rank provinsi to commodity'!$B$3:$ZX$37, MATCH(AP$2,'rank provinsi to commodity'!$B$3:$B$37,0),MATCH($B11,'rank provinsi to commodity'!$B$3:$ZX$3,0)) -> 10 | AQ11: =INDEX('rank provinsi to commodity'!$B$3:$ZX$37, MATCH(AQ$2,'rank provinsi to commodity'!$B$3:$B$37,0),MATCH($B11,'rank provinsi to commodity'!$B$3:$ZX$3,0)) -> 16 | AR11: =INDEX('rank provinsi to commodity'!$B$3:$ZX$37, MATCH(AR$2,'rank provinsi to commodity'!$B$3:$B$37,0),MATCH($B11,'rank provinsi to commodity'!$B$3:$ZX$3,0)) -> 19 | AS11: =INDEX('rank provinsi to commodity'!$B$3:$ZX$37, MATCH(AS$2,'rank provinsi to commodity'!$B$3:$B$37,0),MATCH($B11,'rank provinsi to commodity'!$B$3:$ZX$3,0)) -> 15 | ... BS11: =INDEX('rank provinsi to commodity'!$B$3:$ZX$37, MATCH(BS$2,'rank provinsi to commodity'!$B$3:$B$37,0),MATCH($B11,'rank provinsi to commodity'!$B$3:$ZX$3,0)) -> 27
A12: Tanaman Sayuran | B12: Bawang Putih (Ton) | C12: =INDEX('raw-all-komoditas'!$B$3:$ZY$37, MATCH('Komoditas besar Nasional'!C$2,'raw-all-komoditas'!$B$3:$B$37,0), MATCH('Komoditas besar Nasional'!$B12,'raw-all-komoditas'!$B$3:$ZY$3,0)) -> 20 | D12: =INDEX('raw-all-komoditas'!$B$3:$ZY$37, MATCH('Komoditas besar Nasional'!D$2,'raw-all-komoditas'!$B$3:$B$37,0), MATCH('Komoditas besar Nasional'!$B12,'raw-all-komoditas'!$B$3:$ZY$3,0)) -> 15 | E12: =INDEX('raw-all-komoditas'!$B$3:$ZY$37, MATCH('Komoditas besar Nasional'!E$2,'raw-all-komoditas'!$B$3:$B$37,0), MATCH('Komoditas besar Nasional'!$B12,'raw-all-komoditas'!$B$3:$ZY$3,0)) -> 588 | F12: =INDEX('raw-all-komoditas'!$B$3:$ZY$37, MATCH('Komoditas besar Nasional'!F$2,'raw-all-komoditas'!$B$3:$B$37,0), MATCH('Komoditas besar Nasional'!$B12,'raw-all-komoditas'!$B$3:$ZY$3,0)) -> 0 | G12: =INDEX('raw-all-komoditas'!$B$3:$ZY$37, MATCH('Komoditas besar Nasional'!G$2,'raw-all-komoditas'!$B$3:$B$37,0), MATCH('Komoditas besar Nasional'!$B12,'raw-all-komoditas'!$B$3:$ZY$3,0)) -> 527 | H12: =INDEX('raw-all-komoditas'!$B$3:$ZY$37, MATCH('Komoditas besar Nasional'!H$2,'raw-all-komoditas'!$B$3:$B$37,0), MATCH('Komoditas besar Nasional'!$B12,'raw-all-komoditas'!$B$3:$ZY$3,0)) -> 50 | I12: =INDEX('raw-all-komoditas'!$B$3:$ZY$37, MATCH('Komoditas besar Nasional'!I$2,'raw-all-komoditas'!$B$3:$B$37,0), MATCH('Komoditas besar Nasional'!$B12,'raw-all-komoditas'!$B$3:$ZY$3,0)) -> 15 | J12: =INDEX('raw-all-komoditas'!$B$3:$ZY$37, MATCH('Komoditas besar Nasional'!J$2,'raw-all-komoditas'!$B$3:$B$37,0), MATCH('Komoditas besar Nasional'!$B12,'raw-all-komoditas'!$B$3:$ZY$3,0)) -> 1 | ... AJ12: =INDEX('raw-all-komoditas'!$B$3:$ZY$37, MATCH('Komoditas besar Nasional'!AJ$2,'raw-all-komoditas'!$B$3:$B$37,0), MATCH('Komoditas besar Nasional'!$B12,'raw-all-komoditas'!$B$3:$ZY$3,0)) -> 1 | AL12: =INDEX('rank provinsi to commodity'!$B$3:$ZX$37, MATCH(AL$2,'rank provinsi to commodity'!$B$3:$B$37,0),MATCH($B12,'rank provinsi to commodity'!$B$3:$ZX$3,0)) -> 11 | AM12: =INDEX('rank provinsi to commodity'!$B$3:$ZX$37, MATCH(AM$2,'rank provinsi to commodity'!$B$3:$B$37,0),MATCH($B12,'rank provinsi to commodity'!$B$3:$ZX$3,0)) -> 12 | AN12: =INDEX('rank provinsi to commodity'!$B$3:$ZX$37, MATCH(AN$2,'rank provinsi to commodity'!$B$3:$B$37,0),MATCH($B12,'rank provinsi to commodity'!$B$3:$ZX$3,0)) -> 4 | AO12: =INDEX('rank provinsi to commodity'!$B$3:$ZX$37, MATCH(AO$2,'rank provinsi to commodity'!$B$3:$B$37,0),MATCH($B12,'rank provinsi to commodity'!$B$3:$ZX$3,0)) -> 19 | AP12: =INDEX('rank provinsi to commodity'!$B$3:$ZX$37, MATCH(AP$2,'rank provinsi to commodity'!$B$3:$B$37,0),MATCH($B12,'rank provinsi to commodity'!$B$3:$ZX$3,0)) -> 5 | AQ12: =INDEX('rank provinsi to commodity'!$B$3:$ZX$37, MATCH(AQ$2,'rank provinsi to commodity'!$B$3:$B$37,0),MATCH($B12,'rank provinsi to commodity'!$B$3:$ZX$3,0)) -> 10 | AR12: =INDEX('rank provinsi to commodity'!$B$3:$ZX$37, MATCH(AR$2,'rank provinsi to commodity'!$B$3:$B$37,0),MATCH($B12,'rank provinsi to commodity'!$B$3:$ZX$3,0)) -> 12 | AS12: =INDEX('rank provinsi to commodity'!$B$3:$ZX$37, MATCH(AS$2,'rank provinsi to commodity'!$B$3:$B$37,0),MATCH($B12,'rank provinsi to commodity'!$B$3:$ZX$3,0)) -> 15 | ... BS12: =INDEX('rank provinsi to commodity'!$B$3:$ZX$37, MATCH(BS$2,'rank provinsi to commodity'!$B$3:$B$37,0),MATCH($B12,'rank provinsi to commodity'!$B$3:$ZX$3,0)) -> 15
A13: Tanaman Sayuran | B13: Bawang Daun (Ton) | C13: =INDEX('raw-all-komoditas'!$B$3:$ZY$37, MATCH('Komoditas besar Nasional'!C$2,'raw-all-komoditas'!$B$3:$B$37,0), MATCH('Komoditas besar Nasional'!$B13,'raw-all-komoditas'!$B$3:$ZY$3,0)) -> 1193 | D13: =INDEX('raw-all-komoditas'!$B$3:$ZY$37, MATCH('Komoditas besar Nasional'!D$2,'raw-all-komoditas'!$B$3:$B$37,0), MATCH('Komoditas besar Nasional'!$B13,'raw-all-komoditas'!$B$3:$ZY$3,0)) -> 17669 | E13: =INDEX('raw-all-komoditas'!$B$3:$ZY$37, MATCH('Komoditas besar Nasional'!E$2,'raw-all-komoditas'!$B$3:$B$37,0), MATCH('Komoditas besar Nasional'!$B13,'raw-all-komoditas'!$B$3:$ZY$3,0)) -> 62073 | F13: =INDEX('raw-all-komoditas'!$B$3:$ZY$37, MATCH('Komoditas besar Nasional'!F$2,'raw-all-komoditas'!$B$3:$B$37,0), MATCH('Komoditas besar Nasional'!$B13,'raw-all-komoditas'!$B$3:$ZY$3,0)) -> 17 | G13: =INDEX('raw-all-komoditas'!$B$3:$ZY$37, MATCH('Komoditas besar Nasional'!G$2,'raw-all-komoditas'!$B$3:$B$37,0), MATCH('Komoditas besar Nasional'!$B13,'raw-all-komoditas'!$B$3:$ZY$3,0)) -> 9422 | H13: =INDEX('raw-all-komoditas'!$B$3:$ZY$37, MATCH('Komoditas besar Nasional'!H$2,'raw-all-komoditas'!$B$3:$B$37,0), MATCH('Komoditas besar Nasional'!$B13,'raw-all-komoditas'!$B$3:$ZY$3,0)) -> 3022 | I13: =INDEX('raw-all-komoditas'!$B$3:$ZY$37, MATCH('Komoditas besar Nasional'!I$2,'raw-all-komoditas'!$B$3:$B$37,0), MATCH('Komoditas besar Nasional'!$B13,'raw-all-komoditas'!$B$3:$ZY$3,0)) -> 16360 | J13: =INDEX('raw-all-komoditas'!$B$3:$ZY$37, MATCH('Komoditas besar Nasional'!J$2,'raw-all-komoditas'!$B$3:$B$37,0), MATCH('Komoditas besar Nasional'!$B13,'raw-all-komoditas'!$B$3:$ZY$3,0)) -> 3742 | ... AJ13: =INDEX('raw-all-komoditas'!$B$3:$ZY$37, MATCH('Komoditas besar Nasional'!AJ$2,'raw-all-komoditas'!$B$3:$B$37,0), MATCH('Komoditas besar Nasional'!$B13,'raw-all-komoditas'!$B$3:$ZY$3,0)) -> 1501 | AL13: =INDEX('rank provinsi to commodity'!$B$3:$ZX$37, MATCH(AL$2,'rank provinsi to commodity'!$B$3:$B$37,0),MATCH($B13,'rank provinsi to commodity'!$B$3:$ZX$3,0)) -> 18 | AM13: =INDEX('rank provinsi to commodity'!$B$3:$ZX$37, MATCH(AM$2,'rank provinsi to commodity'!$B$3:$B$37,0),MATCH($B13,'rank provinsi to commodity'!$B$3:$ZX$3,0)) -> 7 | AN13: =INDEX('rank provinsi to commodity'!$B$3:$ZX$37, MATCH(AN$2,'rank provinsi to commodity'!$B$3:$B$37,0),MATCH($B13,'rank provinsi to commodity'!$B$3:$ZX$3,0)) -> 4 | AO13: =INDEX('rank provinsi to commodity'!$B$3:$ZX$37, MATCH(AO$2,'rank provinsi to commodity'!$B$3:$B$37,0),MATCH($B13,'rank provinsi to commodity'!$B$3:$ZX$3,0)) -> 33 | AP13: =INDEX('rank provinsi to commodity'!$B$3:$ZX$37, MATCH(AP$2,'rank provinsi to commodity'!$B$3:$B$37,0),MATCH($B13,'rank provinsi to commodity'!$B$3:$ZX$3,0)) -> 9 | AQ13: =INDEX('rank provinsi to commodity'!$B$3:$ZX$37, MATCH(AQ$2,'rank provinsi to commodity'!$B$3:$B$37,0),MATCH($B13,'rank provinsi to commodity'!$B$3:$ZX$3,0)) -> 12 | AR13: =INDEX('rank provinsi to commodity'!$B$3:$ZX$37, MATCH(AR$2,'rank provinsi to commodity'!$B$3:$B$37,0),MATCH($B13,'rank provinsi to commodity'!$B$3:$ZX$3,0)) -> 8 | AS13: =INDEX('rank provinsi to commodity'!$B$3:$ZX$37, MATCH(AS$2,'rank provinsi to commodity'!$B$3:$B$37,0),MATCH($B13,'rank provinsi to commodity'!$B$3:$ZX$3,0)) -> 11 | ... BS13: =INDEX('rank provinsi to commodity'!$B$3:$ZX$37, MATCH(BS$2,'rank provinsi to commodity'!$B$3:$B$37,0),MATCH($B13,'rank provinsi to commodity'!$B$3:$ZX$3,0)) -> 16
A14: Tanaman Sayuran | B14: Bayam (Ton) | C14: =INDEX('raw-all-komoditas'!$B$3:$ZY$37, MATCH('Komoditas besar Nasional'!C$2,'raw-all-komoditas'!$B$3:$B$37,0), MATCH('Komoditas besar Nasional'!$B14,'raw-all-komoditas'!$B$3:$ZY$3,0)) -> 4275 | D14: =INDEX('raw-all-komoditas'!$B$3:$ZY$37, MATCH('Komoditas besar Nasional'!D$2,'raw-all-komoditas'!$B$3:$B$37,0), MATCH('Komoditas besar Nasional'!$B14,'raw-all-komoditas'!$B$3:$ZY$3,0)) -> 16895 | E14: =INDEX('raw-all-komoditas'!$B$3:$ZY$37, MATCH('Komoditas besar Nasional'!E$2,'raw-all-komoditas'!$B$3:$B$37,0), MATCH('Komoditas besar Nasional'!$B14,'raw-all-komoditas'!$B$3:$ZY$3,0)) -> 6570 | F14: =INDEX('raw-all-komoditas'!$B$3:$ZY$37, MATCH('Komoditas besar Nasional'!F$2,'raw-all-komoditas'!$B$3:$B$37,0), MATCH('Komoditas besar Nasional'!$B14,'raw-all-komoditas'!$B$3:$ZY$3,0)) -> 10094 | G14: =INDEX('raw-all-komoditas'!$B$3:$ZY$37, MATCH('Komoditas besar Nasional'!G$2,'raw-all-komoditas'!$B$3:$B$37,0), MATCH('Komoditas besar Nasional'!$B14,'raw-all-komoditas'!$B$3:$ZY$3,0)) -> 5734 | H14: =INDEX('raw-all-komoditas'!$B$3:$ZY$37, MATCH('Komoditas besar Nasional'!H$2,'raw-all-komoditas'!$B$3:$B$37,0), MATCH('Komoditas besar Nasional'!$B14,'raw-all-komoditas'!$B$3:$ZY$3,0)) -> 3043 | I14: =INDEX('raw-all-komoditas'!$B$3:$ZY$37, MATCH('Komoditas besar Nasional'!I$2,'raw-all-komoditas'!$B$3:$B$37,0), MATCH('Komoditas besar Nasional'!$B14,'raw-all-komoditas'!$B$3:$ZY$3,0)) -> 554 | J14: =INDEX('raw-all-komoditas'!$B$3:$ZY$37, MATCH('Komoditas besar Nasional'!J$2,'raw-all-komoditas'!$B$3:$B$37,0), MATCH('Komoditas besar Nasional'!$B14,'raw-all-komoditas'!$B$3:$ZY$3,0)) -> 7605 | ... AJ14: =INDEX('raw-all-komoditas'!$B$3:$ZY$37, MATCH('Komoditas besar Nasional'!AJ$2,'raw-all-komoditas'!$B$3:$B$37,0), MATCH('Komoditas besar Nasional'!$B14,'raw-all-komoditas'!$B$3:$ZY$3,0)) -> 4038 | AL14: =INDEX('rank provinsi to commodity'!$B$3:$ZX$37, MATCH(AL$2,'rank provinsi to commodity'!$B$3:$B$37,0),MATCH($B14,'rank provinsi to commodity'!$B$3:$ZX$3,0)) -> 13 | AM14: =INDEX('rank provinsi to commodity'!$B$3:$ZX$37, MATCH(AM$2,'rank provinsi to commodity'!$B$3:$B$37,0),MATCH($B14,'rank provinsi to commodity'!$B$3:$ZX$3,0)) -> 2 | AN14: =INDEX('rank provinsi to commodity'!$B$3:$ZX$37, MATCH(AN$2,'rank provinsi to commodity'!$B$3:$B$37,0),MATCH($B14,'rank provinsi to commodity'!$B$3:$ZX$3,0)) -> 8 | AO14: =INDEX('rank provinsi to commodity'!$B$3:$ZX$37, MATCH(AO$2,'rank provinsi to commodity'!$B$3:$B$37,0),MATCH($B14,'rank provinsi to commodity'!$B$3:$ZX$3,0)) -> 5 | AP14: =INDEX('rank provinsi to commodity'!$B$3:$ZX$37, MATCH(AP$2,'rank provinsi to commodity'!$B$3:$B$37,0),MATCH($B14,'rank provinsi to commodity'!$B$3:$ZX$3,0)) -> 9 | AQ14: =INDEX('rank provinsi to commodity'!$B$3:$ZX$37, MATCH(AQ$2,'rank provinsi to commodity'!$B$3:$B$37,0),MATCH($B14,'rank provinsi to commodity'!$B$3:$ZX$3,0)) -> 18 | AR14: =INDEX('rank provinsi to commodity'!$B$3:$ZX$37, MATCH(AR$2,'rank provinsi to commodity'!$B$3:$B$37,0),MATCH($B14,'rank provinsi to commodity'!$B$3:$ZX$3,0)) -> 32 | AS14: =INDEX('rank provinsi to commodity'!$B$3:$ZX$37, MATCH(AS$2,'rank provinsi to commodity'!$B$3:$B$37,0),MATCH($B14,'rank provinsi to commodity'!$B$3:$ZX$3,0)) -> 7 | ... BS14: =INDEX('rank provinsi to commodity'!$B$3:$ZX$37, MATCH(BS$2,'rank provinsi to commodity'!$B$3:$B$37,0),MATCH($B14,'rank provinsi to commodity'!$B$3:$ZX$3,0)) -> 14
... A168: Peternakan (Susu) | B168: Susu (Ton, all) | C168: =INDEX('raw-all-komoditas'!$B$3:$ZY$37, MATCH('Komoditas besar Nasional'!C$2,'raw-all-komoditas'!$B$3:$B$37,0), MATCH('Komoditas besar Nasional'!$B168,'raw-all-komoditas'!$B$3:$ZY$3,0)) -> 1.8 | D168: =INDEX('raw-all-komoditas'!$B$3:$ZY$37, MATCH('Komoditas besar Nasional'!D$2,'raw-all-komoditas'!$B$3:$B$37,0), MATCH('Komoditas besar Nasional'!$B168,'raw-all-komoditas'!$B$3:$ZY$3,0)) -> 9234.4 | E168: =INDEX('raw-all-komoditas'!$B$3:$ZY$37, MATCH('Komoditas besar Nasional'!E$2,'raw-all-komoditas'!$B$3:$B$37,0), MATCH('Komoditas besar Nasional'!$B168,'raw-all-komoditas'!$B$3:$ZY$3,0)) -> 965.7 | F168: =INDEX('raw-all-komoditas'!$B$3:$ZY$37, MATCH('Komoditas besar Nasional'!F$2,'raw-all-komoditas'!$B$3:$B$37,0), MATCH('Komoditas besar Nasional'!$B168,'raw-all-komoditas'!$B$3:$ZY$3,0)) -> 29.2 | G168: =INDEX('raw-all-komoditas'!$B$3:$ZY$37, MATCH('Komoditas besar Nasional'!G$2,'raw-all-komoditas'!$B$3:$B$37,0), MATCH('Komoditas besar Nasional'!$B168,'raw-all-komoditas'!$B$3:$ZY$3,0)) -> 3.9 | H168: =INDEX('raw-all-komoditas'!$B$3:$ZY$37, MATCH('Komoditas besar Nasional'!H$2,'raw-all-komoditas'!$B$3:$B$37,0), MATCH('Komoditas besar Nasional'!$B168,'raw-all-komoditas'!$B$3:$ZY$3,0)) -> 7.5 | I168: =INDEX('raw-all-komoditas'!$B$3:$ZY$37, MATCH('Komoditas besar Nasional'!I$2,'raw-all-komoditas'!$B$3:$B$37,0), MATCH('Komoditas besar Nasional'!$B168,'raw-all-komoditas'!$B$3:$ZY$3,0)) -> 23.1 | J168: =INDEX('raw-all-komoditas'!$B$3:$ZY$37, MATCH('Komoditas besar Nasional'!J$2,'raw-all-komoditas'!$B$3:$B$37,0), MATCH('Komoditas besar Nasional'!$B168,'raw-all-komoditas'!$B$3:$ZY$3,0)) -> 3778.8 | ... AJ168: =INDEX('raw-all-komoditas'!$B$3:$ZY$37, MATCH('Komoditas besar Nasional'!AJ$2,'raw-all-komoditas'!$B$3:$B$37,0), MATCH('Komoditas besar Nasional'!$B168,'raw-all-komoditas'!$B$3:$ZY$3,0)) -> 0 | AL168: =INDEX('rank provinsi to commodity'!$B$3:$ZX$37, MATCH(AL$2,'rank provinsi to commodity'!$B$3:$B$37,0),MATCH($B168,'rank provinsi to commodity'!$B$3:$ZX$3,0)) -> 20 | AM168: =INDEX('rank provinsi to commodity'!$B$3:$ZX$37, MATCH(AM$2,'rank provinsi to commodity'!$B$3:$B$37,0),MATCH($B168,'rank provinsi to commodity'!$B$3:$ZX$3,0)) -> 4 | AN168: =INDEX('rank provinsi to commodity'!$B$3:$ZX$37, MATCH(AN$2,'rank provinsi to commodity'!$B$3:$B$37,0),MATCH($B168,'rank provinsi to commodity'!$B$3:$ZX$3,0)) -> 9 | AO168: =INDEX('rank provinsi to commodity'!$B$3:$ZX$37, MATCH(AO$2,'rank provinsi to commodity'!$B$3:$B$37,0),MATCH($B168,'rank provinsi to commodity'!$B$3:$ZX$3,0)) -> 15 | AP168: =INDEX('rank provinsi to commodity'!$B$3:$ZX$37, MATCH(AP$2,'rank provinsi to commodity'!$B$3:$B$37,0),MATCH($B168,'rank provinsi to commodity'!$B$3:$ZX$3,0)) -> 19 | AQ168: =INDEX('rank provinsi to commodity'!$B$3:$ZX$37, MATCH(AQ$2,'rank provinsi to commodity'!$B$3:$B$37,0),MATCH($B168,'rank provinsi to commodity'!$B$3:$ZX$3,0)) -> 18 | AR168: =INDEX('rank provinsi to commodity'!$B$3:$ZX$37, MATCH(AR$2,'rank provinsi to commodity'!$B$3:$B$37,0),MATCH($B168,'rank provinsi to commodity'!$B$3:$ZX$3,0)) -> 16 | AS168: =INDEX('rank provinsi to commodity'!$B$3:$ZX$37, MATCH(AS$2,'rank provinsi to commodity'!$B$3:$B$37,0),MATCH($B168,'rank provinsi to commodity'!$B$3:$ZX$3,0)) -> 5 | ... BS168: =INDEX('rank provinsi to commodity'!$B$3:$ZX$37, MATCH(BS$2,'rank provinsi to commodity'!$B$3:$B$37,0),MATCH($B168,'rank provinsi to commodity'!$B$3:$ZX$3,0)) -> 21
A169: Perikanan Tangkap Laut (Milyar) | B169: ALU-ALU ; tangkap | C169: =INDEX('raw-all-komoditas'!$B$3:$ZY$37, MATCH('Komoditas besar Nasional'!C$2,'raw-all-komoditas'!$B$3:$B$37,0), MATCH('Komoditas besar Nasional'!$B169,'raw-all-komoditas'!$B$3:$ZY$3,0)) -> 45.306744 | D169: =INDEX('raw-all-komoditas'!$B$3:$ZY$37, MATCH('Komoditas besar Nasional'!D$2,'raw-all-komoditas'!$B$3:$B$37,0), MATCH('Komoditas besar Nasional'!$B169,'raw-all-komoditas'!$B$3:$ZY$3,0)) -> 92.59835 | E169: =INDEX('raw-all-komoditas'!$B$3:$ZY$37, MATCH('Komoditas besar Nasional'!E$2,'raw-all-komoditas'!$B$3:$B$37,0), MATCH('Komoditas besar Nasional'!$B169,'raw-all-komoditas'!$B$3:$ZY$3,0)) -> 153.23194 | F169: =INDEX('raw-all-komoditas'!$B$3:$ZY$37, MATCH('Komoditas besar Nasional'!F$2,'raw-all-komoditas'!$B$3:$B$37,0), MATCH('Komoditas besar Nasional'!$B169,'raw-all-komoditas'!$B$3:$ZY$3,0)) -> 0 | G169: =INDEX('raw-all-komoditas'!$B$3:$ZY$37, MATCH('Komoditas besar Nasional'!G$2,'raw-all-komoditas'!$B$3:$B$37,0), MATCH('Komoditas besar Nasional'!$B169,'raw-all-komoditas'!$B$3:$ZY$3,0)) -> 19.926734 | H169: =INDEX('raw-all-komoditas'!$B$3:$ZY$37, MATCH('Komoditas besar Nasional'!H$2,'raw-all-komoditas'!$B$3:$B$37,0), MATCH('Komoditas besar Nasional'!$B169,'raw-all-komoditas'!$B$3:$ZY$3,0)) -> 0 | I169: =INDEX('raw-all-komoditas'!$B$3:$ZY$37, MATCH('Komoditas besar Nasional'!I$2,'raw-all-komoditas'!$B$3:$B$37,0), MATCH('Komoditas besar Nasional'!$B169,'raw-all-komoditas'!$B$3:$ZY$3,0)) -> 0 | J169: =INDEX('raw-all-komoditas'!$B$3:$ZY$37, MATCH('Komoditas besar Nasional'!J$2,'raw-all-komoditas'!$B$3:$B$37,0), MATCH('Komoditas besar Nasional'!$B169,'raw-all-komoditas'!$B$3:$ZY$3,0)) -> 21.141357 | ... AJ169: =INDEX('raw-all-komoditas'!$B$3:$ZY$37, MATCH('Komoditas besar Nasional'!AJ$2,'raw-all-komoditas'!$B$3:$B$37,0), MATCH('Komoditas besar Nasional'!$B169,'raw-all-komoditas'!$B$3:$ZY$3,0)) -> 24.613739 | AL169: =INDEX('rank provinsi to commodity'!$B$3:$ZX$37, MATCH(AL$2,'rank provinsi to commodity'!$B$3:$B$37,0),MATCH($B169,'rank provinsi to commodity'!$B$3:$ZX$3,0)) -> 8 | AM169: =INDEX('rank provinsi to commodity'!$B$3:$ZX$37, MATCH(AM$2,'rank provinsi to commodity'!$B$3:$B$37,0),MATCH($B169,'rank provinsi to commodity'!$B$3:$ZX$3,0)) -> 3 | AN169: =INDEX('rank provinsi to commodity'!$B$3:$ZX$37, MATCH(AN$2,'rank provinsi to commodity'!$B$3:$B$37,0),MATCH($B169,'rank provinsi to commodity'!$B$3:$ZX$3,0)) -> 1 | AO169: =INDEX('rank provinsi to commodity'!$B$3:$ZX$37, MATCH(AO$2,'rank provinsi to commodity'!$B$3:$B$37,0),MATCH($B169,'rank provinsi to commodity'!$B$3:$ZX$3,0)) -> 30 | AP169: =INDEX('rank provinsi to commodity'!$B$3:$ZX$37, MATCH(AP$2,'rank provinsi to commodity'!$B$3:$B$37,0),MATCH($B169,'rank provinsi to commodity'!$B$3:$ZX$3,0)) -> 11 | AQ169: =INDEX('rank provinsi to commodity'!$B$3:$ZX$37, MATCH(AQ$2,'rank provinsi to commodity'!$B$3:$B$37,0),MATCH($B169,'rank provinsi to commodity'!$B$3:$ZX$3,0)) -> 30 | AR169: =INDEX('rank provinsi to commodity'!$B$3:$ZX$37, MATCH(AR$2,'rank provinsi to commodity'!$B$3:$B$37,0),MATCH($B169,'rank provinsi to commodity'!$B$3:$ZX$3,0)) -> 30 | AS169: =INDEX('rank provinsi to commodity'!$B$3:$ZX$37, MATCH(AS$2,'rank provinsi to commodity'!$B$3:$B$37,0),MATCH($B169,'rank provinsi to commodity'!$B$3:$ZX$3,0)) -> 10 | ... BS169: =INDEX('rank provinsi to commodity'!$B$3:$ZX$37, MATCH(BS$2,'rank provinsi to commodity'!$B$3:$B$37,0),MATCH($B169,'rank provinsi to commodity'!$B$3:$ZX$3,0)) -> 9 | BU169: PERIKANAN TANGKAP LAUT (Ton) | BV169: ALU-ALU (Ton) | BW169: =INDEX('raw-all-komoditas'!$B$3:$ZY$37, MATCH('Komoditas besar Nasional'!BW$2,'raw-all-komoditas'!$B$3:$B$37,0), MATCH('Komoditas besar Nasional'!$BV169,'raw-all-komoditas'!$B$3:$ZY$3,0)) -> 2471 | BX169: =INDEX('raw-all-komoditas'!$B$3:$ZY$37, MATCH('Komoditas besar Nasional'!BX$2,'raw-all-komoditas'!$B$3:$B$37,0), MATCH('Komoditas besar Nasional'!$BV169,'raw-all-komoditas'!$B$3:$ZY$3,0)) -> 2757 | BY169: =INDEX('raw-all-komoditas'!$B$3:$ZY$37, MATCH('Komoditas besar Nasional'!BY$2,'raw-all-komoditas'!$B$3:$B$37,0), MATCH('Komoditas besar Nasional'!$BV169,'raw-all-komoditas'!$B$3:$ZY$3,0)) -> 6958 | BZ169: =INDEX('raw-all-komoditas'!$B$3:$ZY$37, MATCH('Komoditas besar Nasional'!BZ$2,'raw-all-komoditas'!$B$3:$B$37,0), MATCH('Komoditas besar Nasional'!$BV169,'raw-all-komoditas'!$B$3:$ZY$3,0)) -> 0 | CA169: =INDEX('raw-all-komoditas'!$B$3:$ZY$37, MATCH('Komoditas besar Nasional'!CA$2,'raw-all-komoditas'!$B$3:$B$37,0), MATCH('Komoditas besar Nasional'!$BV169,'raw-all-komoditas'!$B$3:$ZY$3,0)) -> 997 | CB169: =INDEX('raw-all-komoditas'!$B$3:$ZY$37, MATCH('Komoditas besar Nasional'!CB$2,'raw-all-komoditas'!$B$3:$B$37,0), MATCH('Komoditas besar Nasional'!$BV169,'raw-all-komoditas'!$B$3:$ZY$3,0)) -> 0 | CC169: =INDEX('raw-all-komoditas'!$B$3:$ZY$37, MATCH('Komoditas besar Nasional'!CC$2,'raw-all-komoditas'!$B$3:$B$37,0), MATCH('Komoditas besar Nasional'!$BV169,'raw-all-komoditas'!$B$3:$ZY$3,0)) -> 0 | CD169: =INDEX('raw-all-komoditas'!$B$3:$ZY$37, MATCH('Komoditas besar Nasional'!CD$2,'raw-all-komoditas'!$B$3:$B$37,0), MATCH('Komoditas besar Nasional'!$BV169,'raw-all-komoditas'!$B$3:$ZY$3,0)) -> 1004 | ... DD169: =INDEX('raw-all-komoditas'!$B$3:$ZY$37, MATCH('Komoditas besar Nasional'!DD$2,'raw-all-komoditas'!$B$3:$B$37,0), MATCH('Komoditas besar Nasional'!$BV169,'raw-all-komoditas'!$B$3:$ZY$3,0)) -> 569 | DF169: =IF(C169>=250, "Lebih dari 250M", "Kurang dari 250M") -> Kurang dari 250M | DG169: =IF(D169>=250, "Lebih dari 250M", "Kurang dari 250M") -> Kurang dari 250M | DH169: =IF(E169>=250, "Lebih dari 250M", "Kurang dari 250M") -> Kurang dari 250M | DI169: =IF(F169>=250, "Lebih dari 250M", "Kurang dari 250M") -> Kurang dari 250M | DJ169: =IF(G169>=250, "Lebih dari 250M", "Kurang dari 250M") -> Kurang dari 250M | DK169: =IF(H169>=250, "Lebih dari 250M", "Kurang dari 250M") -> Kurang dari 250M | DL169: =IF(I169>=250, "Lebih dari 250M", "Kurang dari 250M") -> Kurang dari 250M | DM169: =IF(J169>=250, "Lebih dari 250M", "Kurang dari 250M") -> Kurang dari 250M | ... EM169: =IF(AJ169>=250, "Lebih dari 250M", "Kurang dari 250M") -> Kurang dari 250M
A170: Perikanan Tangkap Laut (Milyar) | B170: AYAM-AYAM ; tangkap | C170: =INDEX('raw-all-komoditas'!$B$3:$ZY$37, MATCH('Komoditas besar Nasional'!C$2,'raw-all-komoditas'!$B$3:$B$37,0), MATCH('Komoditas besar Nasional'!$B170,'raw-all-komoditas'!$B$3:$ZY$3,0)) -> 68.654179 | D170: =INDEX('raw-all-komoditas'!$B$3:$ZY$37, MATCH('Komoditas besar Nasional'!D$2,'raw-all-komoditas'!$B$3:$B$37,0), MATCH('Komoditas besar Nasional'!$B170,'raw-all-komoditas'!$B$3:$ZY$3,0)) -> 1.885286 | E170: =INDEX('raw-all-komoditas'!$B$3:$ZY$37, MATCH('Komoditas besar Nasional'!E$2,'raw-all-komoditas'!$B$3:$B$37,0), MATCH('Komoditas besar Nasional'!$B170,'raw-all-komoditas'!$B$3:$ZY$3,0)) -> 6.508401 | F170: =INDEX('raw-all-komoditas'!$B$3:$ZY$37, MATCH('Komoditas besar Nasional'!F$2,'raw-all-komoditas'!$B$3:$B$37,0), MATCH('Komoditas besar Nasional'!$B170,'raw-all-komoditas'!$B$3:$ZY$3,0)) -> 0 | G170: =INDEX('raw-all-komoditas'!$B$3:$ZY$37, MATCH('Komoditas besar Nasional'!G$2,'raw-all-komoditas'!$B$3:$B$37,0), MATCH('Komoditas besar Nasional'!$B170,'raw-all-komoditas'!$B$3:$ZY$3,0)) -> 0 | H170: =INDEX('raw-all-komoditas'!$B$3:$ZY$37, MATCH('Komoditas besar Nasional'!H$2,'raw-all-komoditas'!$B$3:$B$37,0), MATCH('Komoditas besar Nasional'!$B170,'raw-all-komoditas'!$B$3:$ZY$3,0)) -> 0 | I170: =INDEX('raw-all-komoditas'!$B$3:$ZY$37, MATCH('Komoditas besar Nasional'!I$2,'raw-all-komoditas'!$B$3:$B$37,0), MATCH('Komoditas besar Nasional'!$B170,'raw-all-komoditas'!$B$3:$ZY$3,0)) -> 0 | J170: =INDEX('raw-all-komoditas'!$B$3:$ZY$37, MATCH('Komoditas besar Nasional'!J$2,'raw-all-komoditas'!$B$3:$B$37,0), MATCH('Komoditas besar Nasional'!$B170,'raw-all-komoditas'!$B$3:$ZY$3,0)) -> 1.26 | ... AJ170: =INDEX('raw-all-komoditas'!$B$3:$ZY$37, MATCH('Komoditas besar Nasional'!AJ$2,'raw-all-komoditas'!$B$3:$B$37,0), MATCH('Komoditas besar Nasional'!$B170,'raw-all-komoditas'!$B$3:$ZY$3,0)) -> 0 | AL170: =INDEX('rank provinsi to commodity'!$B$3:$ZX$37, MATCH(AL$2,'rank provinsi to commodity'!$B$3:$B$37,0),MATCH($B170,'rank provinsi to commodity'!$B$3:$ZX$3,0)) -> 2 | AM170: =INDEX('rank provinsi to commodity'!$B$3:$ZX$37, MATCH(AM$2,'rank provinsi to commodity'!$B$3:$B$37,0),MATCH($B170,'rank provinsi to commodity'!$B$3:$ZX$3,0)) -> 10 | AN170: =INDEX('rank provinsi to commodity'!$B$3:$ZX$37, MATCH(AN$2,'rank provinsi to commodity'!$B$3:$B$37,0),MATCH($B170,'rank provinsi to commodity'!$B$3:$ZX$3,0)) -> 7 | AO170: =INDEX('rank provinsi to commodity'!$B$3:$ZX$37, MATCH(AO$2,'rank provinsi to commodity'!$B$3:$B$37,0),MATCH($B170,'rank provinsi to commodity'!$B$3:$ZX$3,0)) -> 22 | AP170: =INDEX('rank provinsi to commodity'!$B$3:$ZX$37, MATCH(AP$2,'rank provinsi to commodity'!$B$3:$B$37,0),MATCH($B170,'rank provinsi to commodity'!$B$3:$ZX$3,0)) -> 22 | AQ170: =INDEX('rank provinsi to commodity'!$B$3:$ZX$37, MATCH(AQ$2,'rank provinsi to commodity'!$B$3:$B$37,0),MATCH($B170,'rank provinsi to commodity'!$B$3:$ZX$3,0)) -> 22 | AR170: =INDEX('rank provinsi to commodity'!$B$3:$ZX$37, MATCH(AR$2,'rank provinsi to commodity'!$B$3:$B$37,0),MATCH($B170,'rank provinsi to commodity'!$B$3:$ZX$3,0)) -> 22 | AS170: =INDEX('rank provinsi to commodity'!$B$3:$ZX$37, MATCH(AS$2,'rank provinsi to commodity'!$B$3:$B$37,0),MATCH($B170,'rank provinsi to commodity'!$B$3:$ZX$3,0)) -> 13 | ... BS170: =INDEX('rank provinsi to commodity'!$B$3:$ZX$37, MATCH(BS$2,'rank provinsi to commodity'!$B$3:$B$37,0),MATCH($B170,'rank provinsi to commodity'!$B$3:$ZX$3,0)) -> 22 | BU170: =BU169 -> PERIKANAN TANGKAP LAUT (Ton) | BV170: AYAM-AYAM (Ton) | BW170: =INDEX('raw-all-komoditas'!$B$3:$ZY$37, MATCH('Komoditas besar Nasional'!BW$2,'raw-all-komoditas'!$B$3:$B$37,0), MATCH('Komoditas besar Nasional'!$BV170,'raw-all-komoditas'!$B$3:$ZY$3,0)) -> 1833 | BX170: =INDEX('raw-all-komoditas'!$B$3:$ZY$37, MATCH('Komoditas besar Nasional'!BX$2,'raw-all-komoditas'!$B$3:$B$37,0), MATCH('Komoditas besar Nasional'!$BV170,'raw-all-komoditas'!$B$3:$ZY$3,0)) -> 97 | BY170: =INDEX('raw-all-komoditas'!$B$3:$ZY$37, MATCH('Komoditas besar Nasional'!BY$2,'raw-all-komoditas'!$B$3:$B$37,0), MATCH('Komoditas besar Nasional'!$BV170,'raw-all-komoditas'!$B$3:$ZY$3,0)) -> 1447 | BZ170: =INDEX('raw-all-komoditas'!$B$3:$ZY$37, MATCH('Komoditas besar Nasional'!BZ$2,'raw-all-komoditas'!$B$3:$B$37,0), MATCH('Komoditas besar Nasional'!$BV170,'raw-all-komoditas'!$B$3:$ZY$3,0)) -> 0 | CA170: =INDEX('raw-all-komoditas'!$B$3:$ZY$37, MATCH('Komoditas besar Nasional'!CA$2,'raw-all-komoditas'!$B$3:$B$37,0), MATCH('Komoditas besar Nasional'!$BV170,'raw-all-komoditas'!$B$3:$ZY$3,0)) -> 0 | CB170: =INDEX('raw-all-komoditas'!$B$3:$ZY$37, MATCH('Komoditas besar Nasional'!CB$2,'raw-all-komoditas'!$B$3:$B$37,0), MATCH('Komoditas besar Nasional'!$BV170,'raw-all-komoditas'!$B$3:$ZY$3,0)) -> 0 | CC170: =INDEX('raw-all-komoditas'!$B$3:$ZY$37, MATCH('Komoditas besar Nasional'!CC$2,'raw-all-komoditas'!$B$3:$B$37,0), MATCH('Komoditas besar Nasional'!$BV170,'raw-all-komoditas'!$B$3:$ZY$3,0)) -> 0 | CD170: =INDEX('raw-all-komoditas'!$B$3:$ZY$37, MATCH('Komoditas besar Nasional'!CD$2,'raw-all-komoditas'!$B$3:$B$37,0), MATCH('Komoditas besar Nasional'!$BV170,'raw-all-komoditas'!$B$3:$ZY$3,0)) -> 63 | ... DD170: =INDEX('raw-all-komoditas'!$B$3:$ZY$37, MATCH('Komoditas besar Nasional'!DD$2,'raw-all-komoditas'!$B$3:$B$37,0), MATCH('Komoditas besar Nasional'!$BV170,'raw-all-komoditas'!$B$3:$ZY$3,0)) -> 0 | DF170: =IF(C170>=250, "Lebih dari 250M", "Kurang dari 250M") -> Kurang dari 250M | DG170: =IF(D170>=250, "Lebih dari 250M", "Kurang dari 250M") -> Kurang dari 250M | DH170: =IF(E170>=250, "Lebih dari 250M", "Kurang dari 250M") -> Kurang dari 250M | DI170: =IF(F170>=250, "Lebih dari 250M", "Kurang dari 250M") -> Kurang dari 250M | DJ170: =IF(G170>=250, "Lebih dari 250M", "Kurang dari 250M") -> Kurang dari 250M | DK170: =IF(H170>=250, "Lebih dari 250M", "Kurang dari 250M") -> Kurang dari 250M | DL170: =IF(I170>=250, "Lebih dari 250M", "Kurang dari 250M") -> Kurang dari 250M | DM170: =IF(J170>=250, "Lebih dari 250M", "Kurang dari 250M") -> Kurang dari 250M | ... EM170: =IF(AJ170>=250, "Lebih dari 250M", "Kurang dari 250M") -> Kurang dari 250M
A171: Perikanan Tangkap Laut (Milyar) | B171: BAJI-BAJI ; tangkap | C171: =INDEX('raw-all-komoditas'!$B$3:$ZY$37, MATCH('Komoditas besar Nasional'!C$2,'raw-all-komoditas'!$B$3:$B$37,0), MATCH('Komoditas besar Nasional'!$B171,'raw-all-komoditas'!$B$3:$ZY$3,0)) -> 0 | D171: =INDEX('raw-all-komoditas'!$B$3:$ZY$37, MATCH('Komoditas besar Nasional'!D$2,'raw-all-komoditas'!$B$3:$B$37,0), MATCH('Komoditas besar Nasional'!$B171,'raw-all-komoditas'!$B$3:$ZY$3,0)) -> 0 | E171: =INDEX('raw-all-komoditas'!$B$3:$ZY$37, MATCH('Komoditas besar Nasional'!E$2,'raw-all-komoditas'!$B$3:$B$37,0), MATCH('Komoditas besar Nasional'!$B171,'raw-all-komoditas'!$B$3:$ZY$3,0)) -> 0 | F171: =INDEX('raw-all-komoditas'!$B$3:$ZY$37, MATCH('Komoditas besar Nasional'!F$2,'raw-all-komoditas'!$B$3:$B$37,0), MATCH('Komoditas besar Nasional'!$B171,'raw-all-komoditas'!$B$3:$ZY$3,0)) -> 0 | G171: =INDEX('raw-all-komoditas'!$B$3:$ZY$37, MATCH('Komoditas besar Nasional'!G$2,'raw-all-komoditas'!$B$3:$B$37,0), MATCH('Komoditas besar Nasional'!$B171,'raw-all-komoditas'!$B$3:$ZY$3,0)) -> 0 | H171: =INDEX('raw-all-komoditas'!$B$3:$ZY$37, MATCH('Komoditas besar Nasional'!H$2,'raw-all-komoditas'!$B$3:$B$37,0), MATCH('Komoditas besar Nasional'!$B171,'raw-all-komoditas'!$B$3:$ZY$3,0)) -> 0 | I171: =INDEX('raw-all-komoditas'!$B$3:$ZY$37, MATCH('Komoditas besar Nasional'!I$2,'raw-all-komoditas'!$B$3:$B$37,0), MATCH('Komoditas besar Nasional'!$B171,'raw-all-komoditas'!$B$3:$ZY$3,0)) -> 0 | J171: =INDEX('raw-all-komoditas'!$B$3:$ZY$37, MATCH('Komoditas besar Nasional'!J$2,'raw-all-komoditas'!$B$3:$B$37,0), MATCH('Komoditas besar Nasional'!$B171,'raw-all-komoditas'!$B$3:$ZY$3,0)) -> 0 | ... AJ171: =INDEX('raw-all-komoditas'!$B$3:$ZY$37, MATCH('Komoditas besar Nasional'!AJ$2,'raw-all-komoditas'!$B$3:$B$37,0), MATCH('Komoditas besar Nasional'!$B171,'raw-all-komoditas'!$B$3:$ZY$3,0)) -> 0 | AL171: =INDEX('rank provinsi to commodity'!$B$3:$ZX$37, MATCH(AL$2,'rank provinsi to commodity'!$B$3:$B$37,0),MATCH($B171,'rank provinsi to commodity'!$B$3:$ZX$3,0)) -> 3 | AM171: =INDEX('rank provinsi to commodity'!$B$3:$ZX$37, MATCH(AM$2,'rank provinsi to commodity'!$B$3:$B$37,0),MATCH($B171,'rank provinsi to commodity'!$B$3:$ZX$3,0)) -> 3 | AN171: =INDEX('rank provinsi to commodity'!$B$3:$ZX$37, MATCH(AN$2,'rank provinsi to commodity'!$B$3:$B$37,0),MATCH($B171,'rank provinsi to commodity'!$B$3:$ZX$3,0)) -> 3 | AO171: =INDEX('rank provinsi to commodity'!$B$3:$ZX$37, MATCH(AO$2,'rank provinsi to commodity'!$B$3:$B$37,0),MATCH($B171,'rank provinsi to commodity'!$B$3:$ZX$3,0)) -> 3 | AP171: =INDEX('rank provinsi to commodity'!$B$3:$ZX$37, MATCH(AP$2,'rank provinsi to commodity'!$B$3:$B$37,0),MATCH($B171,'rank provinsi to commodity'!$B$3:$ZX$3,0)) -> 3 | AQ171: =INDEX('rank provinsi to commodity'!$B$3:$ZX$37, MATCH(AQ$2,'rank provinsi to commodity'!$B$3:$B$37,0),MATCH($B171,'rank provinsi to commodity'!$B$3:$ZX$3,0)) -> 3 | AR171: =INDEX('rank provinsi to commodity'!$B$3:$ZX$37, MATCH(AR$2,'rank provinsi to commodity'!$B$3:$B$37,0),MATCH($B171,'rank provinsi to commodity'!$B$3:$ZX$3,0)) -> 3 | AS171: =INDEX('rank provinsi to commodity'!$B$3:$ZX$37, MATCH(AS$2,'rank provinsi to commodity'!$B$3:$B$37,0),MATCH($B171,'rank provinsi to commodity'!$B$3:$ZX$3,0)) -> 3 | ... BS171: =INDEX('rank provinsi to commodity'!$B$3:$ZX$37, MATCH(BS$2,'rank provinsi to commodity'!$B$3:$B$37,0),MATCH($B171,'rank provinsi to commodity'!$B$3:$ZX$3,0)) -> 3 | BU171: =BU170 -> PERIKANAN TANGKAP LAUT (Ton) | BV171: BAJI-BAJI (Ton) | BW171: =INDEX('raw-all-komoditas'!$B$3:$ZY$37, MATCH('Komoditas besar Nasional'!BW$2,'raw-all-komoditas'!$B$3:$B$37,0), MATCH('Komoditas besar Nasional'!$BV171,'raw-all-komoditas'!$B$3:$ZY$3,0)) -> 0 | BX171: =INDEX('raw-all-komoditas'!$B$3:$ZY$37, MATCH('Komoditas besar Nasional'!BX$2,'raw-all-komoditas'!$B$3:$B$37,0), MATCH('Komoditas besar Nasional'!$BV171,'raw-all-komoditas'!$B$3:$ZY$3,0)) -> 0 | BY171: =INDEX('raw-all-komoditas'!$B$3:$ZY$37, MATCH('Komoditas besar Nasional'!BY$2,'raw-all-komoditas'!$B$3:$B$37,0), MATCH('Komoditas besar Nasional'!$BV171,'raw-all-komoditas'!$B$3:$ZY$3,0)) -> 0 | BZ171: =INDEX('raw-all-komoditas'!$B$3:$ZY$37, MATCH('Komoditas besar Nasional'!BZ$2,'raw-all-komoditas'!$B$3:$B$37,0), MATCH('Komoditas besar Nasional'!$BV171,'raw-all-komoditas'!$B$3:$ZY$3,0)) -> 0 | CA171: =INDEX('raw-all-komoditas'!$B$3:$ZY$37, MATCH('Komoditas besar Nasional'!CA$2,'raw-all-komoditas'!$B$3:$B$37,0), MATCH('Komoditas besar Nasional'!$BV171,'raw-all-komoditas'!$B$3:$ZY$3,0)) -> 0 | CB171: =INDEX('raw-all-komoditas'!$B$3:$ZY$37, MATCH('Komoditas besar Nasional'!CB$2,'raw-all-komoditas'!$B$3:$B$37,0), MATCH('Komoditas besar Nasional'!$BV171,'raw-all-komoditas'!$B$3:$ZY$3,0)) -> 0 | CC171: =INDEX('raw-all-komoditas'!$B$3:$ZY$37, MATCH('Komoditas besar Nasional'!CC$2,'raw-all-komoditas'!$B$3:$B$37,0), MATCH('Komoditas besar Nasional'!$BV171,'raw-all-komoditas'!$B$3:$ZY$3,0)) -> 0 | CD171: =INDEX('raw-all-komoditas'!$B$3:$ZY$37, MATCH('Komoditas besar Nasional'!CD$2,'raw-all-komoditas'!$B$3:$B$37,0), MATCH('Komoditas besar Nasional'!$BV171,'raw-all-komoditas'!$B$3:$ZY$3,0)) -> 0 | ... DD171: =INDEX('raw-all-komoditas'!$B$3:$ZY$37, MATCH('Komoditas besar Nasional'!DD$2,'raw-all-komoditas'!$B$3:$B$37,0), MATCH('Komoditas besar Nasional'!$BV171,'raw-all-komoditas'!$B$3:$ZY$3,0)) -> 0 | DF171: =IF(C171>=250, "Lebih dari 250M", "Kurang dari 250M") -> Kurang dari 250M | DG171: =IF(D171>=250, "Lebih dari 250M", "Kurang dari 250M") -> Kurang dari 250M | DH171: =IF(E171>=250, "Lebih dari 250M", "Kurang dari 250M") -> Kurang dari 250M | DI171: =IF(F171>=250, "Lebih dari 250M", "Kurang dari 250M") -> Kurang dari 250M | DJ171: =IF(G171>=250, "Lebih dari 250M", "Kurang dari 250M") -> Kurang dari 250M | DK171: =IF(H171>=250, "Lebih dari 250M", "Kurang dari 250M") -> Kurang dari 250M | DL171: =IF(I171>=250, "Lebih dari 250M", "Kurang dari 250M") -> Kurang dari 250M | DM171: =IF(J171>=250, "Lebih dari 250M", "Kurang dari 250M") -> Kurang dari 250M | ... EM171: =IF(AJ171>=250, "Lebih dari 250M", "Kurang dari 250M") -> Kurang dari 250M
A172: Perikanan Tangkap Laut (Milyar) | B172: BANDENG ; tangkap | C172: =INDEX('raw-all-komoditas'!$B$3:$ZY$37, MATCH('Komoditas besar Nasional'!C$2,'raw-all-komoditas'!$B$3:$B$37,0), MATCH('Komoditas besar Nasional'!$B172,'raw-all-komoditas'!$B$3:$ZY$3,0)) -> 3.4095 | D172: =INDEX('raw-all-komoditas'!$B$3:$ZY$37, MATCH('Komoditas besar Nasional'!D$2,'raw-all-komoditas'!$B$3:$B$37,0), MATCH('Komoditas besar Nasional'!$B172,'raw-all-komoditas'!$B$3:$ZY$3,0)) -> 56.3988 | E172: =INDEX('raw-all-komoditas'!$B$3:$ZY$37, MATCH('Komoditas besar Nasional'!E$2,'raw-all-komoditas'!$B$3:$B$37,0), MATCH('Komoditas besar Nasional'!$B172,'raw-all-komoditas'!$B$3:$ZY$3,0)) -> 0 | F172: =INDEX('raw-all-komoditas'!$B$3:$ZY$37, MATCH('Komoditas besar Nasional'!F$2,'raw-all-komoditas'!$B$3:$B$37,0), MATCH('Komoditas besar Nasional'!$B172,'raw-all-komoditas'!$B$3:$ZY$3,0)) -> 0 | G172: =INDEX('raw-all-komoditas'!$B$3:$ZY$37, MATCH('Komoditas besar Nasional'!G$2,'raw-all-komoditas'!$B$3:$B$37,0), MATCH('Komoditas besar Nasional'!$B172,'raw-all-komoditas'!$B$3:$ZY$3,0)) -> 0 | H172: =INDEX('raw-all-komoditas'!$B$3:$ZY$37, MATCH('Komoditas besar Nasional'!H$2,'raw-all-komoditas'!$B$3:$B$37,0), MATCH('Komoditas besar Nasional'!$B172,'raw-all-komoditas'!$B$3:$ZY$3,0)) -> 0 | I172: =INDEX('raw-all-komoditas'!$B$3:$ZY$37, MATCH('Komoditas besar Nasional'!I$2,'raw-all-komoditas'!$B$3:$B$37,0), MATCH('Komoditas besar Nasional'!$B172,'raw-all-komoditas'!$B$3:$ZY$3,0)) -> 0.450234 | J172: =INDEX('raw-all-komoditas'!$B$3:$ZY$37, MATCH('Komoditas besar Nasional'!J$2,'raw-all-komoditas'!$B$3:$B$37,0), MATCH('Komoditas besar Nasional'!$B172,'raw-all-komoditas'!$B$3:$ZY$3,0)) -> 6.958896 | ... AJ172: =INDEX('raw-all-komoditas'!$B$3:$ZY$37, MATCH('Komoditas besar Nasional'!AJ$2,'raw-all-komoditas'!$B$3:$B$37,0), MATCH('Komoditas besar Nasional'!$B172,'raw-all-komoditas'!$B$3:$ZY$3,0)) -> 12.6875 | AL172: =INDEX('rank provinsi to commodity'!$B$3:$ZX$37, MATCH(AL$2,'rank provinsi to commodity'!$B$3:$B$37,0),MATCH($B172,'rank provinsi to commodity'!$B$3:$ZX$3,0)) -> 8 | AM172: =INDEX('rank provinsi to commodity'!$B$3:$ZX$37, MATCH(AM$2,'rank provinsi to commodity'!$B$3:$B$37,0),MATCH($B172,'rank provinsi to commodity'!$B$3:$ZX$3,0)) -> 1 | AN172: =INDEX('rank provinsi to commodity'!$B$3:$ZX$37, MATCH(AN$2,'rank provinsi to commodity'!$B$3:$B$37,0),MATCH($B172,'rank provinsi to commodity'!$B$3:$ZX$3,0)) -> 20 | AO172: =INDEX('rank provinsi to commodity'!$B$3:$ZX$37, MATCH(AO$2,'rank provinsi to commodity'!$B$3:$B$37,0),MATCH($B172,'rank provinsi to commodity'!$B$3:$ZX$3,0)) -> 20 | AP172: =INDEX('rank provinsi to commodity'!$B$3:$ZX$37, MATCH(AP$2,'rank provinsi to commodity'!$B$3:$B$37,0),MATCH($B172,'rank provinsi to commodity'!$B$3:$ZX$3,0)) -> 20 | AQ172: =INDEX('rank provinsi to commodity'!$B$3:$ZX$37, MATCH(AQ$2,'rank provinsi to commodity'!$B$3:$B$37,0),MATCH($B172,'rank provinsi to commodity'!$B$3:$ZX$3,0)) -> 20 | AR172: =INDEX('rank provinsi to commodity'!$B$3:$ZX$37, MATCH(AR$2,'rank provinsi to commodity'!$B$3:$B$37,0),MATCH($B172,'rank provinsi to commodity'!$B$3:$ZX$3,0)) -> 15 | AS172: =INDEX('rank provinsi to commodity'!$B$3:$ZX$37, MATCH(AS$2,'rank provinsi to commodity'!$B$3:$B$37,0),MATCH($B172,'rank provinsi to commodity'!$B$3:$ZX$3,0)) -> 7 | ... BS172: =INDEX('rank provinsi to commodity'!$B$3:$ZX$37, MATCH(BS$2,'rank provinsi to commodity'!$B$3:$B$37,0),MATCH($B172,'rank provinsi to commodity'!$B$3:$ZX$3,0)) -> 5 | BU172: =BU171 -> PERIKANAN TANGKAP LAUT (Ton) | BV172: BANDENG (Ton) | BW172: =INDEX('raw-all-komoditas'!$B$3:$ZY$37, MATCH('Komoditas besar Nasional'!BW$2,'raw-all-komoditas'!$B$3:$B$37,0), MATCH('Komoditas besar Nasional'!$BV172,'raw-all-komoditas'!$B$3:$ZY$3,0)) -> 227 | BX172: =INDEX('raw-all-komoditas'!$B$3:$ZY$37, MATCH('Komoditas besar Nasional'!BX$2,'raw-all-komoditas'!$B$3:$B$37,0), MATCH('Komoditas besar Nasional'!$BV172,'raw-all-komoditas'!$B$3:$ZY$3,0)) -> 940 | BY172: =INDEX('raw-all-komoditas'!$B$3:$ZY$37, MATCH('Komoditas besar Nasional'!BY$2,'raw-all-komoditas'!$B$3:$B$37,0), MATCH('Komoditas besar Nasional'!$BV172,'raw-all-komoditas'!$B$3:$ZY$3,0)) -> 0 | BZ172: =INDEX('raw-all-komoditas'!$B$3:$ZY$37, MATCH('Komoditas besar Nasional'!BZ$2,'raw-all-komoditas'!$B$3:$B$37,0), MATCH('Komoditas besar Nasional'!$BV172,'raw-all-komoditas'!$B$3:$ZY$3,0)) -> 0 | CA172: =INDEX('raw-all-komoditas'!$B$3:$ZY$37, MATCH('Komoditas besar Nasional'!CA$2,'raw-all-komoditas'!$B$3:$B$37,0), MATCH('Komoditas besar Nasional'!$BV172,'raw-all-komoditas'!$B$3:$ZY$3,0)) -> 0 | CB172: =INDEX('raw-all-komoditas'!$B$3:$ZY$37, MATCH('Komoditas besar Nasional'!CB$2,'raw-all-komoditas'!$B$3:$B$37,0), MATCH('Komoditas besar Nasional'!$BV172,'raw-all-komoditas'!$B$3:$ZY$3,0)) -> 0 | CC172: =INDEX('raw-all-komoditas'!$B$3:$ZY$37, MATCH('Komoditas besar Nasional'!CC$2,'raw-all-komoditas'!$B$3:$B$37,0), MATCH('Komoditas besar Nasional'!$BV172,'raw-all-komoditas'!$B$3:$ZY$3,0)) -> 25 | CD172: =INDEX('raw-all-komoditas'!$B$3:$ZY$37, MATCH('Komoditas besar Nasional'!CD$2,'raw-all-komoditas'!$B$3:$B$37,0), MATCH('Komoditas besar Nasional'!$BV172,'raw-all-komoditas'!$B$3:$ZY$3,0)) -> 290 | ... DD172: =INDEX('raw-all-komoditas'!$B$3:$ZY$37, MATCH('Komoditas besar Nasional'!DD$2,'raw-all-komoditas'!$B$3:$B$37,0), MATCH('Komoditas besar Nasional'!$BV172,'raw-all-komoditas'!$B$3:$ZY$3,0)) -> 530 | DF172: =IF(C172>=250, "Lebih dari 250M", "Kurang dari 250M") -> Kurang dari 250M | DG172: =IF(D172>=250, "Lebih dari 250M", "Kurang dari 250M") -> Kurang dari 250M | DH172: =IF(E172>=250, "Lebih dari 250M", "Kurang dari 250M") -> Kurang dari 250M | DI172: =IF(F172>=250, "Lebih dari 250M", "Kurang dari 250M") -> Kurang dari 250M | DJ172: =IF(G172>=250, "Lebih dari 250M", "Kurang dari 250M") -> Kurang dari 250M | DK172: =IF(H172>=250, "Lebih dari 250M", "Kurang dari 250M") -> Kurang dari 250M | DL172: =IF(I172>=250, "Lebih dari 250M", "Kurang dari 250M") -> Kurang dari 250M | DM172: =IF(J172>=250, "Lebih dari 250M", "Kurang dari 250M") -> Kurang dari 250M | ... EM172: =IF(AJ172>=250, "Lebih dari 250M", "Kurang dari 250M") -> Kurang dari 250M
A173: Perikanan Tangkap Laut (Milyar) | B173: BARONANG ; tangkap | C173: =INDEX('raw-all-komoditas'!$B$3:$ZY$37, MATCH('Komoditas besar Nasional'!C$2,'raw-all-komoditas'!$B$3:$B$37,0), MATCH('Komoditas besar Nasional'!$B173,'raw-all-komoditas'!$B$3:$ZY$3,0)) -> 4.15032 | D173: =INDEX('raw-all-komoditas'!$B$3:$ZY$37, MATCH('Komoditas besar Nasional'!D$2,'raw-all-komoditas'!$B$3:$B$37,0), MATCH('Komoditas besar Nasional'!$B173,'raw-all-komoditas'!$B$3:$ZY$3,0)) -> 40.352173 | E173: =INDEX('raw-all-komoditas'!$B$3:$ZY$37, MATCH('Komoditas besar Nasional'!E$2,'raw-all-komoditas'!$B$3:$B$37,0), MATCH('Komoditas besar Nasional'!$B173,'raw-all-komoditas'!$B$3:$ZY$3,0)) -> 2.70576 | F173: =INDEX('raw-all-komoditas'!$B$3:$ZY$37, MATCH('Komoditas besar Nasional'!F$2,'raw-all-komoditas'!$B$3:$B$37,0), MATCH('Komoditas besar Nasional'!$B173,'raw-all-komoditas'!$B$3:$ZY$3,0)) -> 0 | G173: =INDEX('raw-all-komoditas'!$B$3:$ZY$37, MATCH('Komoditas besar Nasional'!G$2,'raw-all-komoditas'!$B$3:$B$37,0), MATCH('Komoditas besar Nasional'!$B173,'raw-all-komoditas'!$B$3:$ZY$3,0)) -> 0 | H173: =INDEX('raw-all-komoditas'!$B$3:$ZY$37, MATCH('Komoditas besar Nasional'!H$2,'raw-all-komoditas'!$B$3:$B$37,0), MATCH('Komoditas besar Nasional'!$B173,'raw-all-komoditas'!$B$3:$ZY$3,0)) -> 0 | I173: =INDEX('raw-all-komoditas'!$B$3:$ZY$37, MATCH('Komoditas besar Nasional'!I$2,'raw-all-komoditas'!$B$3:$B$37,0), MATCH('Komoditas besar Nasional'!$B173,'raw-all-komoditas'!$B$3:$ZY$3,0)) -> 3.324 | J173: =INDEX('raw-all-komoditas'!$B$3:$ZY$37, MATCH('Komoditas besar Nasional'!J$2,'raw-all-komoditas'!$B$3:$B$37,0), MATCH('Komoditas besar Nasional'!$B173,'raw-all-komoditas'!$B$3:$ZY$3,0)) -> 1.335645 | ... AJ173: =INDEX('raw-all-komoditas'!$B$3:$ZY$37, MATCH('Komoditas besar Nasional'!AJ$2,'raw-all-komoditas'!$B$3:$B$37,0), MATCH('Komoditas besar Nasional'!$B173,'raw-all-komoditas'!$B$3:$ZY$3,0)) -> 399.9609 | AL173: =INDEX('rank provinsi to commodity'!$B$3:$ZX$37, MATCH(AL$2,'rank provinsi to commodity'!$B$3:$B$37,0),MATCH($B173,'rank provinsi to commodity'!$B$3:$ZX$3,0)) -> 22 | AM173: =INDEX('rank provinsi to commodity'!$B$3:$ZX$37, MATCH(AM$2,'rank provinsi to commodity'!$B$3:$B$37,0),MATCH($B173,'rank provinsi to commodity'!$B$3:$ZX$3,0)) -> 17 | AN173: =INDEX('rank provinsi to commodity'!$B$3:$ZX$37, MATCH(AN$2,'rank provinsi to commodity'!$B$3:$B$37,0),MATCH($B173,'rank provinsi to commodity'!$B$3:$ZX$3,0)) -> 24 | AO173: =INDEX('rank provinsi to commodity'!$B$3:$ZX$37, MATCH(AO$2,'rank provinsi to commodity'!$B$3:$B$37,0),MATCH($B173,'rank provinsi to commodity'!$B$3:$ZX$3,0)) -> 31 | AP173: =INDEX('rank provinsi to commodity'!$B$3:$ZX$37, MATCH(AP$2,'rank provinsi to commodity'!$B$3:$B$37,0),MATCH($B173,'rank provinsi to commodity'!$B$3:$ZX$3,0)) -> 31 | AQ173: =INDEX('rank provinsi to commodity'!$B$3:$ZX$37, MATCH(AQ$2,'rank provinsi to commodity'!$B$3:$B$37,0),MATCH($B173,'rank provinsi to commodity'!$B$3:$ZX$3,0)) -> 31 | AR173: =INDEX('rank provinsi to commodity'!$B$3:$ZX$37, MATCH(AR$2,'rank provinsi to commodity'!$B$3:$B$37,0),MATCH($B173,'rank provinsi to commodity'!$B$3:$ZX$3,0)) -> 23 | AS173: =INDEX('rank provinsi to commodity'!$B$3:$ZX$37, MATCH(AS$2,'rank provinsi to commodity'!$B$3:$B$37,0),MATCH($B173,'rank provinsi to commodity'!$B$3:$ZX$3,0)) -> 26 | ... BS173: =INDEX('rank provinsi to commodity'!$B$3:$ZX$37, MATCH(BS$2,'rank provinsi to commodity'!$B$3:$B$37,0),MATCH($B173,'rank provinsi to commodity'!$B$3:$ZX$3,0)) -> 1 | BU173: =BU172 -> PERIKANAN TANGKAP LAUT (Ton) | BV173: BARONANG (Ton) | BW173: =INDEX('raw-all-komoditas'!$B$3:$ZY$37, MATCH('Komoditas besar Nasional'!BW$2,'raw-all-komoditas'!$B$3:$B$37,0), MATCH('Komoditas besar Nasional'!$BV173,'raw-all-komoditas'!$B$3:$ZY$3,0)) -> 197 | BX173: =INDEX('raw-all-komoditas'!$B$3:$ZY$37, MATCH('Komoditas besar Nasional'!BX$2,'raw-all-komoditas'!$B$3:$B$37,0), MATCH('Komoditas besar Nasional'!$BV173,'raw-all-komoditas'!$B$3:$ZY$3,0)) -> 1207 | BY173: =INDEX('raw-all-komoditas'!$B$3:$ZY$37, MATCH('Komoditas besar Nasional'!BY$2,'raw-all-komoditas'!$B$3:$B$37,0), MATCH('Komoditas besar Nasional'!$BV173,'raw-all-komoditas'!$B$3:$ZY$3,0)) -> 118 | BZ173: =INDEX('raw-all-komoditas'!$B$3:$ZY$37, MATCH('Komoditas besar Nasional'!BZ$2,'raw-all-komoditas'!$B$3:$B$37,0), MATCH('Komoditas besar Nasional'!$BV173,'raw-all-komoditas'!$B$3:$ZY$3,0)) -> 0 | CA173: =INDEX('raw-all-komoditas'!$B$3:$ZY$37, MATCH('Komoditas besar Nasional'!CA$2,'raw-all-komoditas'!$B$3:$B$37,0), MATCH('Komoditas besar Nasional'!$BV173,'raw-all-komoditas'!$B$3:$ZY$3,0)) -> 0 | CB173: =INDEX('raw-all-komoditas'!$B$3:$ZY$37, MATCH('Komoditas besar Nasional'!CB$2,'raw-all-komoditas'!$B$3:$B$37,0), MATCH('Komoditas besar Nasional'!$BV173,'raw-all-komoditas'!$B$3:$ZY$3,0)) -> 0 | CC173: =INDEX('raw-all-komoditas'!$B$3:$ZY$37, MATCH('Komoditas besar Nasional'!CC$2,'raw-all-komoditas'!$B$3:$B$37,0), MATCH('Komoditas besar Nasional'!$BV173,'raw-all-komoditas'!$B$3:$ZY$3,0)) -> 166 | CD173: =INDEX('raw-all-komoditas'!$B$3:$ZY$37, MATCH('Komoditas besar Nasional'!CD$2,'raw-all-komoditas'!$B$3:$B$37,0), MATCH('Komoditas besar Nasional'!$BV173,'raw-all-komoditas'!$B$3:$ZY$3,0)) -> 35 | ... DD173: =INDEX('raw-all-komoditas'!$B$3:$ZY$37, MATCH('Komoditas besar Nasional'!DD$2,'raw-all-komoditas'!$B$3:$B$37,0), MATCH('Komoditas besar Nasional'!$BV173,'raw-all-komoditas'!$B$3:$ZY$3,0)) -> 11344 | DF173: =IF(C173>=250, "Lebih dari 250M", "Kurang dari 250M") -> Kurang dari 250M | DG173: =IF(D173>=250, "Lebih dari 250M", "Kurang dari 250M") -> Kurang dari 250M | DH173: =IF(E173>=250, "Lebih dari 250M", "Kurang dari 250M") -> Kurang dari 250M | DI173: =IF(F173>=250, "Lebih dari 250M", "Kurang dari 250M") -> Kurang dari 250M | DJ173: =IF(G173>=250, "Lebih dari 250M", "Kurang dari 250M") -> Kurang dari 250M | DK173: =IF(H173>=250, "Lebih dari 250M", "Kurang dari 250M") -> Kurang dari 250M | DL173: =IF(I173>=250, "Lebih dari 250M", "Kurang dari 250M") -> Kurang dari 250M | DM173: =IF(J173>=250, "Lebih dari 250M", "Kurang dari 250M") -> Kurang dari 250M | ... EM173: =IF(AJ173>=250, "Lebih dari 250M", "Kurang dari 250M") -> Lebih dari 250M
A174: Perikanan Tangkap Laut (Milyar) | B174: BAWAL ; tangkap | C174: =INDEX('raw-all-komoditas'!$B$3:$ZY$37, MATCH('Komoditas besar Nasional'!C$2,'raw-all-komoditas'!$B$3:$B$37,0), MATCH('Komoditas besar Nasional'!$B174,'raw-all-komoditas'!$B$3:$ZY$3,0)) -> 389.24587 | D174: =INDEX('raw-all-komoditas'!$B$3:$ZY$37, MATCH('Komoditas besar Nasional'!D$2,'raw-all-komoditas'!$B$3:$B$37,0), MATCH('Komoditas besar Nasional'!$B174,'raw-all-komoditas'!$B$3:$ZY$3,0)) -> 721.54135 | E174: =INDEX('raw-all-komoditas'!$B$3:$ZY$37, MATCH('Komoditas besar Nasional'!E$2,'raw-all-komoditas'!$B$3:$B$37,0), MATCH('Komoditas besar Nasional'!$B174,'raw-all-komoditas'!$B$3:$ZY$3,0)) -> 271.30055 | F174: =INDEX('raw-all-komoditas'!$B$3:$ZY$37, MATCH('Komoditas besar Nasional'!F$2,'raw-all-komoditas'!$B$3:$B$37,0), MATCH('Komoditas besar Nasional'!$B174,'raw-all-komoditas'!$B$3:$ZY$3,0)) -> 11.057338 | G174: =INDEX('raw-all-komoditas'!$B$3:$ZY$37, MATCH('Komoditas besar Nasional'!G$2,'raw-all-komoditas'!$B$3:$B$37,0), MATCH('Komoditas besar Nasional'!$B174,'raw-all-komoditas'!$B$3:$ZY$3,0)) -> 159.1449 | H174: =INDEX('raw-all-komoditas'!$B$3:$ZY$37, MATCH('Komoditas besar Nasional'!H$2,'raw-all-komoditas'!$B$3:$B$37,0), MATCH('Komoditas besar Nasional'!$B174,'raw-all-komoditas'!$B$3:$ZY$3,0)) -> 121.65996 | I174: =INDEX('raw-all-komoditas'!$B$3:$ZY$37, MATCH('Komoditas besar Nasional'!I$2,'raw-all-komoditas'!$B$3:$B$37,0), MATCH('Komoditas besar Nasional'!$B174,'raw-all-komoditas'!$B$3:$ZY$3,0)) -> 289.16288 | J174: =INDEX('raw-all-komoditas'!$B$3:$ZY$37, MATCH('Komoditas besar Nasional'!J$2,'raw-all-komoditas'!$B$3:$B$37,0), MATCH('Komoditas besar Nasional'!$B174,'raw-all-komoditas'!$B$3:$ZY$3,0)) -> 55.036727 | ... AJ174: =INDEX('raw-all-komoditas'!$B$3:$ZY$37, MATCH('Komoditas besar Nasional'!AJ$2,'raw-all-komoditas'!$B$3:$B$37,0), MATCH('Komoditas besar Nasional'!$B174,'raw-all-komoditas'!$B$3:$ZY$3,0)) -> 41.4721 | AL174: =INDEX('rank provinsi to commodity'!$B$3:$ZX$37, MATCH(AL$2,'rank provinsi to commodity'!$B$3:$B$37,0),MATCH($B174,'rank provinsi to commodity'!$B$3:$ZX$3,0)) -> 3 | AM174: =INDEX('rank provinsi to commodity'!$B$3:$ZX$37, MATCH(AM$2,'rank provinsi to commodity'!$B$3:$B$37,0),MATCH($B174,'rank provinsi to commodity'!$B$3:$ZX$3,0)) -> 1 | AN174: =INDEX('rank provinsi to commodity'!$B$3:$ZX$37, MATCH(AN$2,'rank provinsi to commodity'!$B$3:$B$37,0),MATCH($B174,'rank provinsi to commodity'!$B$3:$ZX$3,0)) -> 8 | AO174: =INDEX('rank provinsi to commodity'!$B$3:$ZX$37, MATCH(AO$2,'rank provinsi to commodity'!$B$3:$B$37,0),MATCH($B174,'rank provinsi to commodity'!$B$3:$ZX$3,0)) -> 30 | AP174: =INDEX('rank provinsi to commodity'!$B$3:$ZX$37, MATCH(AP$2,'rank provinsi to commodity'!$B$3:$B$37,0),MATCH($B174,'rank provinsi to commodity'!$B$3:$ZX$3,0)) -> 14 | AQ174: =INDEX('rank provinsi to commodity'!$B$3:$ZX$37, MATCH(AQ$2,'rank provinsi to commodity'!$B$3:$B$37,0),MATCH($B174,'rank provinsi to commodity'!$B$3:$ZX$3,0)) -> 16 | AR174: =INDEX('rank provinsi to commodity'!$B$3:$ZX$37, MATCH(AR$2,'rank provinsi to commodity'!$B$3:$B$37,0),MATCH($B174,'rank provinsi to commodity'!$B$3:$ZX$3,0)) -> 6 | AS174: =INDEX('rank provinsi to commodity'!$B$3:$ZX$37, MATCH(AS$2,'rank provinsi to commodity'!$B$3:$B$37,0),MATCH($B174,'rank provinsi to commodity'!$B$3:$ZX$3,0)) -> 22 | ... BS174: =INDEX('rank provinsi to commodity'!$B$3:$ZX$37, MATCH(BS$2,'rank provinsi to commodity'!$B$3:$B$37,0),MATCH($B174,'rank provinsi to commodity'!$B$3:$ZX$3,0)) -> 25 | BU174: =BU173 -> PERIKANAN TANGKAP LAUT (Ton) | BV174: BAWAL (Ton) | BW174: =INDEX('raw-all-komoditas'!$B$3:$ZY$37, MATCH('Komoditas besar Nasional'!BW$2,'raw-all-komoditas'!$B$3:$B$37,0), MATCH('Komoditas besar Nasional'!$BV174,'raw-all-komoditas'!$B$3:$ZY$3,0)) -> 7648 | BX174: =INDEX('raw-all-komoditas'!$B$3:$ZY$37, MATCH('Komoditas besar Nasional'!BX$2,'raw-all-komoditas'!$B$3:$B$37,0), MATCH('Komoditas besar Nasional'!$BV174,'raw-all-komoditas'!$B$3:$ZY$3,0)) -> 11735 | BY174: =INDEX('raw-all-komoditas'!$B$3:$ZY$37, MATCH('Komoditas besar Nasional'!BY$2,'raw-all-komoditas'!$B$3:$B$37,0), MATCH('Komoditas besar Nasional'!$BV174,'raw-all-komoditas'!$B$3:$ZY$3,0)) -> 4358 | BZ174: =INDEX('raw-all-komoditas'!$B$3:$ZY$37, MATCH('Komoditas besar Nasional'!BZ$2,'raw-all-komoditas'!$B$3:$B$37,0), MATCH('Komoditas besar Nasional'!$BV174,'raw-all-komoditas'!$B$3:$ZY$3,0)) -> 241 | CA174: =INDEX('raw-all-komoditas'!$B$3:$ZY$37, MATCH('Komoditas besar Nasional'!CA$2,'raw-all-komoditas'!$B$3:$B$37,0), MATCH('Komoditas besar Nasional'!$BV174,'raw-all-komoditas'!$B$3:$ZY$3,0)) -> 2276 | CB174: =INDEX('raw-all-komoditas'!$B$3:$ZY$37, MATCH('Komoditas besar Nasional'!CB$2,'raw-all-komoditas'!$B$3:$B$37,0), MATCH('Komoditas besar Nasional'!$BV174,'raw-all-komoditas'!$B$3:$ZY$3,0)) -> 1245 | CC174: =INDEX('raw-all-komoditas'!$B$3:$ZY$37, MATCH('Komoditas besar Nasional'!CC$2,'raw-all-komoditas'!$B$3:$B$37,0), MATCH('Komoditas besar Nasional'!$BV174,'raw-all-komoditas'!$B$3:$ZY$3,0)) -> 5333 | CD174: =INDEX('raw-all-komoditas'!$B$3:$ZY$37, MATCH('Komoditas besar Nasional'!CD$2,'raw-all-komoditas'!$B$3:$B$37,0), MATCH('Komoditas besar Nasional'!$BV174,'raw-all-komoditas'!$B$3:$ZY$3,0)) -> 3420 | ... DD174: =INDEX('raw-all-komoditas'!$B$3:$ZY$37, MATCH('Komoditas besar Nasional'!DD$2,'raw-all-komoditas'!$B$3:$B$37,0), MATCH('Komoditas besar Nasional'!$BV174,'raw-all-komoditas'!$B$3:$ZY$3,0)) -> 1300 | DF174: =IF(C174>=250, "Lebih dari 250M", "Kurang dari 250M") -> Lebih dari 250M | DG174: =IF(D174>=250, "Lebih dari 250M", "Kurang dari 250M") -> Lebih dari 250M | DH174: =IF(E174>=250, "Lebih dari 250M", "Kurang dari 250M") -> Lebih dari 250M | DI174: =IF(F174>=250, "Lebih dari 250M", "Kurang dari 250M") -> Kurang dari 250M | DJ174: =IF(G174>=250, "Lebih dari 250M", "Kurang dari 250M") -> Kurang dari 250M | DK174: =IF(H174>=250, "Lebih dari 250M", "Kurang dari 250M") -> Kurang dari 250M | DL174: =IF(I174>=250, "Lebih dari 250M", "Kurang dari 250M") -> Lebih dari 250M | DM174: =IF(J174>=250, "Lebih dari 250M", "Kurang dari 250M") -> Kurang dari 250M | ... EM174: =IF(AJ174>=250, "Lebih dari 250M", "Kurang dari 250M") -> Kurang dari 250M
A175: Perikanan Tangkap Laut (Milyar) | B175: BAYEMAN ; tangkap | C175: =INDEX('raw-all-komoditas'!$B$3:$ZY$37, MATCH('Komoditas besar Nasional'!C$2,'raw-all-komoditas'!$B$3:$B$37,0), MATCH('Komoditas besar Nasional'!$B175,'raw-all-komoditas'!$B$3:$ZY$3,0)) -> 1.95182 | D175: =INDEX('raw-all-komoditas'!$B$3:$ZY$37, MATCH('Komoditas besar Nasional'!D$2,'raw-all-komoditas'!$B$3:$B$37,0), MATCH('Komoditas besar Nasional'!$B175,'raw-all-komoditas'!$B$3:$ZY$3,0)) -> 0.002601 | E175: =INDEX('raw-all-komoditas'!$B$3:$ZY$37, MATCH('Komoditas besar Nasional'!E$2,'raw-all-komoditas'!$B$3:$B$37,0), MATCH('Komoditas besar Nasional'!$B175,'raw-all-komoditas'!$B$3:$ZY$3,0)) -> 0.8898 | F175: =INDEX('raw-all-komoditas'!$B$3:$ZY$37, MATCH('Komoditas besar Nasional'!F$2,'raw-all-komoditas'!$B$3:$B$37,0), MATCH('Komoditas besar Nasional'!$B175,'raw-all-komoditas'!$B$3:$ZY$3,0)) -> 0 | G175: =INDEX('raw-all-komoditas'!$B$3:$ZY$37, MATCH('Komoditas besar Nasional'!G$2,'raw-all-komoditas'!$B$3:$B$37,0), MATCH('Komoditas besar Nasional'!$B175,'raw-all-komoditas'!$B$3:$ZY$3,0)) -> 0 | H175: =INDEX('raw-all-komoditas'!$B$3:$ZY$37, MATCH('Komoditas besar Nasional'!H$2,'raw-all-komoditas'!$B$3:$B$37,0), MATCH('Komoditas besar Nasional'!$B175,'raw-all-komoditas'!$B$3:$ZY$3,0)) -> 0 | I175: =INDEX('raw-all-komoditas'!$B$3:$ZY$37, MATCH('Komoditas besar Nasional'!I$2,'raw-all-komoditas'!$B$3:$B$37,0), MATCH('Komoditas besar Nasional'!$B175,'raw-all-komoditas'!$B$3:$ZY$3,0)) -> 0 | J175: =INDEX('raw-all-komoditas'!$B$3:$ZY$37, MATCH('Komoditas besar Nasional'!J$2,'raw-all-komoditas'!$B$3:$B$37,0), MATCH('Komoditas besar Nasional'!$B175,'raw-all-komoditas'!$B$3:$ZY$3,0)) -> 0 | ... AJ175: =INDEX('raw-all-komoditas'!$B$3:$ZY$37, MATCH('Komoditas besar Nasional'!AJ$2,'raw-all-komoditas'!$B$3:$B$37,0), MATCH('Komoditas besar Nasional'!$B175,'raw-all-komoditas'!$B$3:$ZY$3,0)) -> 0 | AL175: =INDEX('rank provinsi to commodity'!$B$3:$ZX$37, MATCH(AL$2,'rank provinsi to commodity'!$B$3:$B$37,0),MATCH($B175,'rank provinsi to commodity'!$B$3:$ZX$3,0)) -> 6 | AM175: =INDEX('rank provinsi to commodity'!$B$3:$ZX$37, MATCH(AM$2,'rank provinsi to commodity'!$B$3:$B$37,0),MATCH($B175,'rank provinsi to commodity'!$B$3:$ZX$3,0)) -> 16 | AN175: =INDEX('rank provinsi to commodity'!$B$3:$ZX$37, MATCH(AN$2,'rank provinsi to commodity'!$B$3:$B$37,0),MATCH($B175,'rank provinsi to commodity'!$B$3:$ZX$3,0)) -> 8 | AO175: =INDEX('rank provinsi to commodity'!$B$3:$ZX$37, MATCH(AO$2,'rank provinsi to commodity'!$B$3:$B$37,0),MATCH($B175,'rank provinsi to commodity'!$B$3:$ZX$3,0)) -> 18 | AP175: =INDEX('rank provinsi to commodity'!$B$3:$ZX$37, MATCH(AP$2,'rank provinsi to commodity'!$B$3:$B$37,0),MATCH($B175,'rank provinsi to commodity'!$B$3:$ZX$3,0)) -> 18 | AQ175: =INDEX('rank provinsi to commodity'!$B$3:$ZX$37, MATCH(AQ$2,'rank provinsi to commodity'!$B$3:$B$37,0),MATCH($B175,'rank provinsi to commodity'!$B$3:$ZX$3,0)) -> 18 | AR175: =INDEX('rank provinsi to commodity'!$B$3:$ZX$37, MATCH(AR$2,'rank provinsi to commodity'!$B$3:$B$37,0),MATCH($B175,'rank provinsi to commodity'!$B$3:$ZX$3,0)) -> 18 | AS175: =INDEX('rank provinsi to commodity'!$B$3:$ZX$37, MATCH(AS$2,'rank provinsi to commodity'!$B$3:$B$37,0),MATCH($B175,'rank provinsi to commodity'!$B$3:$ZX$3,0)) -> 18 | ... BS175: =INDEX('rank provinsi to commodity'!$B$3:$ZX$37, MATCH(BS$2,'rank provinsi to commodity'!$B$3:$B$37,0),MATCH($B175,'rank provinsi to commodity'!$B$3:$ZX$3,0)) -> 18 | BU175: =BU174 -> PERIKANAN TANGKAP LAUT (Ton) | BV175: BAYEMAN (Ton) | BW175: =INDEX('raw-all-komoditas'!$B$3:$ZY$37, MATCH('Komoditas besar Nasional'!BW$2,'raw-all-komoditas'!$B$3:$B$37,0), MATCH('Komoditas besar Nasional'!$BV175,'raw-all-komoditas'!$B$3:$ZY$3,0)) -> 65 | BX175: =INDEX('raw-all-komoditas'!$B$3:$ZY$37, MATCH('Komoditas besar Nasional'!BX$2,'raw-all-komoditas'!$B$3:$B$37,0), MATCH('Komoditas besar Nasional'!$BV175,'raw-all-komoditas'!$B$3:$ZY$3,0)) -> 0 | BY175: =INDEX('raw-all-komoditas'!$B$3:$ZY$37, MATCH('Komoditas besar Nasional'!BY$2,'raw-all-komoditas'!$B$3:$B$37,0), MATCH('Komoditas besar Nasional'!$BV175,'raw-all-komoditas'!$B$3:$ZY$3,0)) -> 59 | BZ175: =INDEX('raw-all-komoditas'!$B$3:$ZY$37, MATCH('Komoditas besar Nasional'!BZ$2,'raw-all-komoditas'!$B$3:$B$37,0), MATCH('Komoditas besar Nasional'!$BV175,'raw-all-komoditas'!$B$3:$ZY$3,0)) -> 0 | CA175: =INDEX('raw-all-komoditas'!$B$3:$ZY$37, MATCH('Komoditas besar Nasional'!CA$2,'raw-all-komoditas'!$B$3:$B$37,0), MATCH('Komoditas besar Nasional'!$BV175,'raw-all-komoditas'!$B$3:$ZY$3,0)) -> 0 | CB175: =INDEX('raw-all-komoditas'!$B$3:$ZY$37, MATCH('Komoditas besar Nasional'!CB$2,'raw-all-komoditas'!$B$3:$B$37,0), MATCH('Komoditas besar Nasional'!$BV175,'raw-all-komoditas'!$B$3:$ZY$3,0)) -> 0 | CC175: =INDEX('raw-all-komoditas'!$B$3:$ZY$37, MATCH('Komoditas besar Nasional'!CC$2,'raw-all-komoditas'!$B$3:$B$37,0), MATCH('Komoditas besar Nasional'!$BV175,'raw-all-komoditas'!$B$3:$ZY$3,0)) -> 0 | CD175: =INDEX('raw-all-komoditas'!$B$3:$ZY$37, MATCH('Komoditas besar Nasional'!CD$2,'raw-all-komoditas'!$B$3:$B$37,0), MATCH('Komoditas besar Nasional'!$BV175,'raw-all-komoditas'!$B$3:$ZY$3,0)) -> 0 | ... DD175: =INDEX('raw-all-komoditas'!$B$3:$ZY$37, MATCH('Komoditas besar Nasional'!DD$2,'raw-all-komoditas'!$B$3:$B$37,0), MATCH('Komoditas besar Nasional'!$BV175,'raw-all-komoditas'!$B$3:$ZY$3,0)) -> 0 | DF175: =IF(C175>=250, "Lebih dari 250M", "Kurang dari 250M") -> Kurang dari 250M | DG175: =IF(D175>=250, "Lebih dari 250M", "Kurang dari 250M") -> Kurang dari 250M | DH175: =IF(E175>=250, "Lebih dari 250M", "Kurang dari 250M") -> Kurang dari 250M | DI175: =IF(F175>=250, "Lebih dari 250M", "Kurang dari 250M") -> Kurang dari 250M | DJ175: =IF(G175>=250, "Lebih dari 250M", "Kurang dari 250M") -> Kurang dari 250M | DK175: =IF(H175>=250, "Lebih dari 250M", "Kurang dari 250M") -> Kurang dari 250M | DL175: =IF(I175>=250, "Lebih dari 250M", "Kurang dari 250M") -> Kurang dari 250M | DM175: =IF(J175>=250, "Lebih dari 250M", "Kurang dari 250M") -> Kurang dari 250M | ... EM175: =IF(AJ175>=250, "Lebih dari 250M", "Kurang dari 250M") -> Kurang dari 250M
A176: Perikanan Tangkap Laut (Milyar) | B176: BELANAK ; tangkap | C176: =INDEX('raw-all-komoditas'!$B$3:$ZY$37, MATCH('Komoditas besar Nasional'!C$2,'raw-all-komoditas'!$B$3:$B$37,0), MATCH('Komoditas besar Nasional'!$B176,'raw-all-komoditas'!$B$3:$ZY$3,0)) -> 26.21314 | D176: =INDEX('raw-all-komoditas'!$B$3:$ZY$37, MATCH('Komoditas besar Nasional'!D$2,'raw-all-komoditas'!$B$3:$B$37,0), MATCH('Komoditas besar Nasional'!$B176,'raw-all-komoditas'!$B$3:$ZY$3,0)) -> 72.747569 | E176: =INDEX('raw-all-komoditas'!$B$3:$ZY$37, MATCH('Komoditas besar Nasional'!E$2,'raw-all-komoditas'!$B$3:$B$37,0), MATCH('Komoditas besar Nasional'!$B176,'raw-all-komoditas'!$B$3:$ZY$3,0)) -> 23.883515 | F176: =INDEX('raw-all-komoditas'!$B$3:$ZY$37, MATCH('Komoditas besar Nasional'!F$2,'raw-all-komoditas'!$B$3:$B$37,0), MATCH('Komoditas besar Nasional'!$B176,'raw-all-komoditas'!$B$3:$ZY$3,0)) -> 163.31692 | G176: =INDEX('raw-all-komoditas'!$B$3:$ZY$37, MATCH('Komoditas besar Nasional'!G$2,'raw-all-komoditas'!$B$3:$B$37,0), MATCH('Komoditas besar Nasional'!$B176,'raw-all-komoditas'!$B$3:$ZY$3,0)) -> 5.410549 | H176: =INDEX('raw-all-komoditas'!$B$3:$ZY$37, MATCH('Komoditas besar Nasional'!H$2,'raw-all-komoditas'!$B$3:$B$37,0), MATCH('Komoditas besar Nasional'!$B176,'raw-all-komoditas'!$B$3:$ZY$3,0)) -> 9.6957 | I176: =INDEX('raw-all-komoditas'!$B$3:$ZY$37, MATCH('Komoditas besar Nasional'!I$2,'raw-all-komoditas'!$B$3:$B$37,0), MATCH('Komoditas besar Nasional'!$B176,'raw-all-komoditas'!$B$3:$ZY$3,0)) -> 8.424458 | J176: =INDEX('raw-all-komoditas'!$B$3:$ZY$37, MATCH('Komoditas besar Nasional'!J$2,'raw-all-komoditas'!$B$3:$B$37,0), MATCH('Komoditas besar Nasional'!$B176,'raw-all-komoditas'!$B$3:$ZY$3,0)) -> 185.44469 | ... AJ176: =INDEX('raw-all-komoditas'!$B$3:$ZY$37, MATCH('Komoditas besar Nasional'!AJ$2,'raw-all-komoditas'!$B$3:$B$37,0), MATCH('Komoditas besar Nasional'!$B176,'raw-all-komoditas'!$B$3:$ZY$3,0)) -> 42.7332 | AL176: =INDEX('rank provinsi to commodity'!$B$3:$ZX$37, MATCH(AL$2,'rank provinsi to commodity'!$B$3:$B$37,0),MATCH($B176,'rank provinsi to commodity'!$B$3:$ZX$3,0)) -> 20 | AM176: =INDEX('rank provinsi to commodity'!$B$3:$ZX$37, MATCH(AM$2,'rank provinsi to commodity'!$B$3:$B$37,0),MATCH($B176,'rank provinsi to commodity'!$B$3:$ZX$3,0)) -> 7 | AN176: =INDEX('rank provinsi to commodity'!$B$3:$ZX$37, MATCH(AN$2,'rank provinsi to commodity'!$B$3:$B$37,0),MATCH($B176,'rank provinsi to commodity'!$B$3:$ZX$3,0)) -> 22 | AO176: =INDEX('rank provinsi to commodity'!$B$3:$ZX$37, MATCH(AO$2,'rank provinsi to commodity'!$B$3:$B$37,0),MATCH($B176,'rank provinsi to commodity'!$B$3:$ZX$3,0)) -> 3 | AP176: =INDEX('rank provinsi to commodity'!$B$3:$ZX$37, MATCH(AP$2,'rank provinsi to commodity'!$B$3:$B$37,0),MATCH($B176,'rank provinsi to commodity'!$B$3:$ZX$3,0)) -> 30 | AQ176: =INDEX('rank provinsi to commodity'!$B$3:$ZX$37, MATCH(AQ$2,'rank provinsi to commodity'!$B$3:$B$37,0),MATCH($B176,'rank provinsi to commodity'!$B$3:$ZX$3,0)) -> 26 | AR176: =INDEX('rank provinsi to commodity'!$B$3:$ZX$37, MATCH(AR$2,'rank provinsi to commodity'!$B$3:$B$37,0),MATCH($B176,'rank provinsi to commodity'!$B$3:$ZX$3,0)) -> 27 | AS176: =INDEX('rank provinsi to commodity'!$B$3:$ZX$37, MATCH(AS$2,'rank provinsi to commodity'!$B$3:$B$37,0),MATCH($B176,'rank provinsi to commodity'!$B$3:$ZX$3,0)) -> 2 | ... BS176: =INDEX('rank provinsi to commodity'!$B$3:$ZX$37, MATCH(BS$2,'rank provinsi to commodity'!$B$3:$B$37,0),MATCH($B176,'rank provinsi to commodity'!$B$3:$ZX$3,0)) -> 16 | BU176: =BU175 -> PERIKANAN TANGKAP LAUT (Ton) | BV176: BELANAK (Ton) | BW176: =INDEX('raw-all-komoditas'!$B$3:$ZY$37, MATCH('Komoditas besar Nasional'!BW$2,'raw-all-komoditas'!$B$3:$B$37,0), MATCH('Komoditas besar Nasional'!$BV176,'raw-all-komoditas'!$B$3:$ZY$3,0)) -> 1010 | BX176: =INDEX('raw-all-komoditas'!$B$3:$ZY$37, MATCH('Komoditas besar Nasional'!BX$2,'raw-all-komoditas'!$B$3:$B$37,0), MATCH('Komoditas besar Nasional'!$BV176,'raw-all-komoditas'!$B$3:$ZY$3,0)) -> 4044 | BY176: =INDEX('raw-all-komoditas'!$B$3:$ZY$37, MATCH('Komoditas besar Nasional'!BY$2,'raw-all-komoditas'!$B$3:$B$37,0), MATCH('Komoditas besar Nasional'!$BV176,'raw-all-komoditas'!$B$3:$ZY$3,0)) -> 1192 | BZ176: =INDEX('raw-all-komoditas'!$B$3:$ZY$37, MATCH('Komoditas besar Nasional'!BZ$2,'raw-all-komoditas'!$B$3:$B$37,0), MATCH('Komoditas besar Nasional'!$BV176,'raw-all-komoditas'!$B$3:$ZY$3,0)) -> 6520 | CA176: =INDEX('raw-all-komoditas'!$B$3:$ZY$37, MATCH('Komoditas besar Nasional'!CA$2,'raw-all-komoditas'!$B$3:$B$37,0), MATCH('Komoditas besar Nasional'!$BV176,'raw-all-komoditas'!$B$3:$ZY$3,0)) -> 369 | CB176: =INDEX('raw-all-komoditas'!$B$3:$ZY$37, MATCH('Komoditas besar Nasional'!CB$2,'raw-all-komoditas'!$B$3:$B$37,0), MATCH('Komoditas besar Nasional'!$BV176,'raw-all-komoditas'!$B$3:$ZY$3,0)) -> 425 | CC176: =INDEX('raw-all-komoditas'!$B$3:$ZY$37, MATCH('Komoditas besar Nasional'!CC$2,'raw-all-komoditas'!$B$3:$B$37,0), MATCH('Komoditas besar Nasional'!$BV176,'raw-all-komoditas'!$B$3:$ZY$3,0)) -> 429 | CD176: =INDEX('raw-all-komoditas'!$B$3:$ZY$37, MATCH('Komoditas besar Nasional'!CD$2,'raw-all-komoditas'!$B$3:$B$37,0), MATCH('Komoditas besar Nasional'!$BV176,'raw-all-komoditas'!$B$3:$ZY$3,0)) -> 9919 | ... DD176: =INDEX('raw-all-komoditas'!$B$3:$ZY$37, MATCH('Komoditas besar Nasional'!DD$2,'raw-all-komoditas'!$B$3:$B$37,0), MATCH('Komoditas besar Nasional'!$BV176,'raw-all-komoditas'!$B$3:$ZY$3,0)) -> 1888 | DF176: =IF(C176>=250, "Lebih dari 250M", "Kurang dari 250M") -> Kurang dari 250M | DG176: =IF(D176>=250, "Lebih dari 250M", "Kurang dari 250M") -> Kurang dari 250M | DH176: =IF(E176>=250, "Lebih dari 250M", "Kurang dari 250M") -> Kurang dari 250M | DI176: =IF(F176>=250, "Lebih dari 250M", "Kurang dari 250M") -> Kurang dari 250M | DJ176: =IF(G176>=250, "Lebih dari 250M", "Kurang dari 250M") -> Kurang dari 250M | DK176: =IF(H176>=250, "Lebih dari 250M", "Kurang dari 250M") -> Kurang dari 250M | DL176: =IF(I176>=250, "Lebih dari 250M", "Kurang dari 250M") -> Kurang dari 250M | DM176: =IF(J176>=250, "Lebih dari 250M", "Kurang dari 250M") -> Kurang dari 250M | ... EM176: =IF(AJ176>=250, "Lebih dari 250M", "Kurang dari 250M") -> Kurang dari 250M
A177: Perikanan Tangkap Laut (Milyar) | B177: BELOSO ; tangkap | C177: =INDEX('raw-all-komoditas'!$B$3:$ZY$37, MATCH('Komoditas besar Nasional'!C$2,'raw-all-komoditas'!$B$3:$B$37,0), MATCH('Komoditas besar Nasional'!$B177,'raw-all-komoditas'!$B$3:$ZY$3,0)) -> 12.606423 | D177: =INDEX('raw-all-komoditas'!$B$3:$ZY$37, MATCH('Komoditas besar Nasional'!D$2,'raw-all-komoditas'!$B$3:$B$37,0), MATCH('Komoditas besar Nasional'!$B177,'raw-all-komoditas'!$B$3:$ZY$3,0)) -> 4.50653 | E177: =INDEX('raw-all-komoditas'!$B$3:$ZY$37, MATCH('Komoditas besar Nasional'!E$2,'raw-all-komoditas'!$B$3:$B$37,0), MATCH('Komoditas besar Nasional'!$B177,'raw-all-komoditas'!$B$3:$ZY$3,0)) -> 1.151366 | F177: =INDEX('raw-all-komoditas'!$B$3:$ZY$37, MATCH('Komoditas besar Nasional'!F$2,'raw-all-komoditas'!$B$3:$B$37,0), MATCH('Komoditas besar Nasional'!$B177,'raw-all-komoditas'!$B$3:$ZY$3,0)) -> 61.326334 | G177: =INDEX('raw-all-komoditas'!$B$3:$ZY$37, MATCH('Komoditas besar Nasional'!G$2,'raw-all-komoditas'!$B$3:$B$37,0), MATCH('Komoditas besar Nasional'!$B177,'raw-all-komoditas'!$B$3:$ZY$3,0)) -> 4.642888 | H177: =INDEX('raw-all-komoditas'!$B$3:$ZY$37, MATCH('Komoditas besar Nasional'!H$2,'raw-all-komoditas'!$B$3:$B$37,0), MATCH('Komoditas besar Nasional'!$B177,'raw-all-komoditas'!$B$3:$ZY$3,0)) -> 0 | I177: =INDEX('raw-all-komoditas'!$B$3:$ZY$37, MATCH('Komoditas besar Nasional'!I$2,'raw-all-komoditas'!$B$3:$B$37,0), MATCH('Komoditas besar Nasional'!$B177,'raw-all-komoditas'!$B$3:$ZY$3,0)) -> 0 | J177: =INDEX('raw-all-komoditas'!$B$3:$ZY$37, MATCH('Komoditas besar Nasional'!J$2,'raw-all-komoditas'!$B$3:$B$37,0), MATCH('Komoditas besar Nasional'!$B177,'raw-all-komoditas'!$B$3:$ZY$3,0)) -> 0 | ... AJ177: =INDEX('raw-all-komoditas'!$B$3:$ZY$37, MATCH('Komoditas besar Nasional'!AJ$2,'raw-all-komoditas'!$B$3:$B$37,0), MATCH('Komoditas besar Nasional'!$B177,'raw-all-komoditas'!$B$3:$ZY$3,0)) -> 0 | AL177: =INDEX('rank provinsi to commodity'!$B$3:$ZX$37, MATCH(AL$2,'rank provinsi to commodity'!$B$3:$B$37,0),MATCH($B177,'rank provinsi to commodity'!$B$3:$ZX$3,0)) -> 6 | AM177: =INDEX('rank provinsi to commodity'!$B$3:$ZX$37, MATCH(AM$2,'rank provinsi to commodity'!$B$3:$B$37,0),MATCH($B177,'rank provinsi to commodity'!$B$3:$ZX$3,0)) -> 13 | AN177: =INDEX('rank provinsi to commodity'!$B$3:$ZX$37, MATCH(AN$2,'rank provinsi to commodity'!$B$3:$B$37,0),MATCH($B177,'rank provinsi to commodity'!$B$3:$ZX$3,0)) -> 15 | AO177: =INDEX('rank provinsi to commodity'!$B$3:$ZX$37, MATCH(AO$2,'rank provinsi to commodity'!$B$3:$B$37,0),MATCH($B177,'rank provinsi to commodity'!$B$3:$ZX$3,0)) -> 2 | AP177: =INDEX('rank provinsi to commodity'!$B$3:$ZX$37, MATCH(AP$2,'rank provinsi to commodity'!$B$3:$B$37,0),MATCH($B177,'rank provinsi to commodity'!$B$3:$ZX$3,0)) -> 12 | AQ177: =INDEX('rank provinsi to commodity'!$B$3:$ZX$37, MATCH(AQ$2,'rank provinsi to commodity'!$B$3:$B$37,0),MATCH($B177,'rank provinsi to commodity'!$B$3:$ZX$3,0)) -> 23 | AR177: =INDEX('rank provinsi to commodity'!$B$3:$ZX$37, MATCH(AR$2,'rank provinsi to commodity'!$B$3:$B$37,0),MATCH($B177,'rank provinsi to commodity'!$B$3:$ZX$3,0)) -> 23 | AS177: =INDEX('rank provinsi to commodity'!$B$3:$ZX$37, MATCH(AS$2,'rank provinsi to commodity'!$B$3:$B$37,0),MATCH($B177,'rank provinsi to commodity'!$B$3:$ZX$3,0)) -> 23 | ... BS177: =INDEX('rank provinsi to commodity'!$B$3:$ZX$37, MATCH(BS$2,'rank provinsi to commodity'!$B$3:$B$37,0),MATCH($B177,'rank provinsi to commodity'!$B$3:$ZX$3,0)) -> 23 | BU177: =BU176 -> PERIKANAN TANGKAP LAUT (Ton) | BV177: BELOSO (Ton) | BW177: =INDEX('raw-all-komoditas'!$B$3:$ZY$37, MATCH('Komoditas besar Nasional'!BW$2,'raw-all-komoditas'!$B$3:$B$37,0), MATCH('Komoditas besar Nasional'!$BV177,'raw-all-komoditas'!$B$3:$ZY$3,0)) -> 463 | BX177: =INDEX('raw-all-komoditas'!$B$3:$ZY$37, MATCH('Komoditas besar Nasional'!BX$2,'raw-all-komoditas'!$B$3:$B$37,0), MATCH('Komoditas besar Nasional'!$BV177,'raw-all-komoditas'!$B$3:$ZY$3,0)) -> 226 | BY177: =INDEX('raw-all-komoditas'!$B$3:$ZY$37, MATCH('Komoditas besar Nasional'!BY$2,'raw-all-komoditas'!$B$3:$B$37,0), MATCH('Komoditas besar Nasional'!$BV177,'raw-all-komoditas'!$B$3:$ZY$3,0)) -> 69 | BZ177: =INDEX('raw-all-komoditas'!$B$3:$ZY$37, MATCH('Komoditas besar Nasional'!BZ$2,'raw-all-komoditas'!$B$3:$B$37,0), MATCH('Komoditas besar Nasional'!$BV177,'raw-all-komoditas'!$B$3:$ZY$3,0)) -> 4680 | CA177: =INDEX('raw-all-komoditas'!$B$3:$ZY$37, MATCH('Komoditas besar Nasional'!CA$2,'raw-all-komoditas'!$B$3:$B$37,0), MATCH('Komoditas besar Nasional'!$BV177,'raw-all-komoditas'!$B$3:$ZY$3,0)) -> 580 | CB177: =INDEX('raw-all-komoditas'!$B$3:$ZY$37, MATCH('Komoditas besar Nasional'!CB$2,'raw-all-komoditas'!$B$3:$B$37,0), MATCH('Komoditas besar Nasional'!$BV177,'raw-all-komoditas'!$B$3:$ZY$3,0)) -> 0 | CC177: =INDEX('raw-all-komoditas'!$B$3:$ZY$37, MATCH('Komoditas besar Nasional'!CC$2,'raw-all-komoditas'!$B$3:$B$37,0), MATCH('Komoditas besar Nasional'!$BV177,'raw-all-komoditas'!$B$3:$ZY$3,0)) -> 0 | CD177: =INDEX('raw-all-komoditas'!$B$3:$ZY$37, MATCH('Komoditas besar Nasional'!CD$2,'raw-all-komoditas'!$B$3:$B$37,0), MATCH('Komoditas besar Nasional'!$BV177,'raw-all-komoditas'!$B$3:$ZY$3,0)) -> 0 | ... DD177: =INDEX('raw-all-komoditas'!$B$3:$ZY$37, MATCH('Komoditas besar Nasional'!DD$2,'raw-all-komoditas'!$B$3:$B$37,0), MATCH('Komoditas besar Nasional'!$BV177,'raw-all-komoditas'!$B$3:$ZY$3,0)) -> 0 | DF177: =IF(C177>=250, "Lebih dari 250M", "Kurang dari 250M") -> Kurang dari 250M | DG177: =IF(D177>=250, "Lebih dari 250M", "Kurang dari 250M") -> Kurang dari 250M | DH177: =IF(E177>=250, "Lebih dari 250M", "Kurang dari 250M") -> Kurang dari 250M | DI177: =IF(F177>=250, "Lebih dari 250M", "Kurang dari 250M") -> Kurang dari 250M | DJ177: =IF(G177>=250, "Lebih dari 250M", "Kurang dari 250M") -> Kurang dari 250M | DK177: =IF(H177>=250, "Lebih dari 250M", "Kurang dari 250M") -> Kurang dari 250M | DL177: =IF(I177>=250, "Lebih dari 250M", "Kurang dari 250M") -> Kurang dari 250M | DM177: =IF(J177>=250, "Lebih dari 250M", "Kurang dari 250M") -> Kurang dari 250M | ... EM177: =IF(AJ177>=250, "Lebih dari 250M", "Kurang dari 250M") -> Kurang dari 250M
A178: Perikanan Tangkap Laut (Milyar) | B178: BELUT LAUT ; tangkap | C178: =INDEX('raw-all-komoditas'!$B$3:$ZY$37, MATCH('Komoditas besar Nasional'!C$2,'raw-all-komoditas'!$B$3:$B$37,0), MATCH('Komoditas besar Nasional'!$B178,'raw-all-komoditas'!$B$3:$ZY$3,0)) -> 0 | D178: =INDEX('raw-all-komoditas'!$B$3:$ZY$37, MATCH('Komoditas besar Nasional'!D$2,'raw-all-komoditas'!$B$3:$B$37,0), MATCH('Komoditas besar Nasional'!$B178,'raw-all-komoditas'!$B$3:$ZY$3,0)) -> 0 | E178: =INDEX('raw-all-komoditas'!$B$3:$ZY$37, MATCH('Komoditas besar Nasional'!E$2,'raw-all-komoditas'!$B$3:$B$37,0), MATCH('Komoditas besar Nasional'!$B178,'raw-all-komoditas'!$B$3:$ZY$3,0)) -> 0 | F178: =INDEX('raw-all-komoditas'!$B$3:$ZY$37, MATCH('Komoditas besar Nasional'!F$2,'raw-all-komoditas'!$B$3:$B$37,0), MATCH('Komoditas besar Nasional'!$B178,'raw-all-komoditas'!$B$3:$ZY$3,0)) -> 4.781976 | G178: =INDEX('raw-all-komoditas'!$B$3:$ZY$37, MATCH('Komoditas besar Nasional'!G$2,'raw-all-komoditas'!$B$3:$B$37,0), MATCH('Komoditas besar Nasional'!$B178,'raw-all-komoditas'!$B$3:$ZY$3,0)) -> 0 | H178: =INDEX('raw-all-komoditas'!$B$3:$ZY$37, MATCH('Komoditas besar Nasional'!H$2,'raw-all-komoditas'!$B$3:$B$37,0), MATCH('Komoditas besar Nasional'!$B178,'raw-all-komoditas'!$B$3:$ZY$3,0)) -> 0 | I178: =INDEX('raw-all-komoditas'!$B$3:$ZY$37, MATCH('Komoditas besar Nasional'!I$2,'raw-all-komoditas'!$B$3:$B$37,0), MATCH('Komoditas besar Nasional'!$B178,'raw-all-komoditas'!$B$3:$ZY$3,0)) -> 0 | J178: =INDEX('raw-all-komoditas'!$B$3:$ZY$37, MATCH('Komoditas besar Nasional'!J$2,'raw-all-komoditas'!$B$3:$B$37,0), MATCH('Komoditas besar Nasional'!$B178,'raw-all-komoditas'!$B$3:$ZY$3,0)) -> 0 | ... AJ178: =INDEX('raw-all-komoditas'!$B$3:$ZY$37, MATCH('Komoditas besar Nasional'!AJ$2,'raw-all-komoditas'!$B$3:$B$37,0), MATCH('Komoditas besar Nasional'!$B178,'raw-all-komoditas'!$B$3:$ZY$3,0)) -> 0 | AL178: =INDEX('rank provinsi to commodity'!$B$3:$ZX$37, MATCH(AL$2,'rank provinsi to commodity'!$B$3:$B$37,0),MATCH($B178,'rank provinsi to commodity'!$B$3:$ZX$3,0)) -> 8 | AM178: =INDEX('rank provinsi to commodity'!$B$3:$ZX$37, MATCH(AM$2,'rank provinsi to commodity'!$B$3:$B$37,0),MATCH($B178,'rank provinsi to commodity'!$B$3:$ZX$3,0)) -> 8 | AN178: =INDEX('rank provinsi to commodity'!$B$3:$ZX$37, MATCH(AN$2,'rank provinsi to commodity'!$B$3:$B$37,0),MATCH($B178,'rank provinsi to commodity'!$B$3:$ZX$3,0)) -> 8 | AO178: =INDEX('rank provinsi to commodity'!$B$3:$ZX$37, MATCH(AO$2,'rank provinsi to commodity'!$B$3:$B$37,0),MATCH($B178,'rank provinsi to commodity'!$B$3:$ZX$3,0)) -> 2 | AP178: =INDEX('rank provinsi to commodity'!$B$3:$ZX$37, MATCH(AP$2,'rank provinsi to commodity'!$B$3:$B$37,0),MATCH($B178,'rank provinsi to commodity'!$B$3:$ZX$3,0)) -> 8 | AQ178: =INDEX('rank provinsi to commodity'!$B$3:$ZX$37, MATCH(AQ$2,'rank provinsi to commodity'!$B$3:$B$37,0),MATCH($B178,'rank provinsi to commodity'!$B$3:$ZX$3,0)) -> 8 | AR178: =INDEX('rank provinsi to commodity'!$B$3:$ZX$37, MATCH(AR$2,'rank provinsi to commodity'!$B$3:$B$37,0),MATCH($B178,'rank provinsi to commodity'!$B$3:$ZX$3,0)) -> 8 | AS178: =INDEX('rank provinsi to commodity'!$B$3:$ZX$37, MATCH(AS$2,'rank provinsi to commodity'!$B$3:$B$37,0),MATCH($B178,'rank provinsi to commodity'!$B$3:$ZX$3,0)) -> 8 | ... BS178: =INDEX('rank provinsi to commodity'!$B$3:$ZX$37, MATCH(BS$2,'rank provinsi to commodity'!$B$3:$B$37,0),MATCH($B178,'rank provinsi to commodity'!$B$3:$ZX$3,0)) -> 8 | BU178: =BU177 -> PERIKANAN TANGKAP LAUT (Ton) | BV178: BELUT LAUT (Ton) | BW178: =INDEX('raw-all-komoditas'!$B$3:$ZY$37, MATCH('Komoditas besar Nasional'!BW$2,'raw-all-komoditas'!$B$3:$B$37,0), MATCH('Komoditas besar Nasional'!$BV178,'raw-all-komoditas'!$B$3:$ZY$3,0)) -> 0 | BX178: =INDEX('raw-all-komoditas'!$B$3:$ZY$37, MATCH('Komoditas besar Nasional'!BX$2,'raw-all-komoditas'!$B$3:$B$37,0), MATCH('Komoditas besar Nasional'!$BV178,'raw-all-komoditas'!$B$3:$ZY$3,0)) -> 0 | BY178: =INDEX('raw-all-komoditas'!$B$3:$ZY$37, MATCH('Komoditas besar Nasional'!BY$2,'raw-all-komoditas'!$B$3:$B$37,0), MATCH('Komoditas besar Nasional'!$BV178,'raw-all-komoditas'!$B$3:$ZY$3,0)) -> 0 | BZ178: =INDEX('raw-all-komoditas'!$B$3:$ZY$37, MATCH('Komoditas besar Nasional'!BZ$2,'raw-all-komoditas'!$B$3:$B$37,0), MATCH('Komoditas besar Nasional'!$BV178,'raw-all-komoditas'!$B$3:$ZY$3,0)) -> 180 | CA178: =INDEX('raw-all-komoditas'!$B$3:$ZY$37, MATCH('Komoditas besar Nasional'!CA$2,'raw-all-komoditas'!$B$3:$B$37,0), MATCH('Komoditas besar Nasional'!$BV178,'raw-all-komoditas'!$B$3:$ZY$3,0)) -> 0 | CB178: =INDEX('raw-all-komoditas'!$B$3:$ZY$37, MATCH('Komoditas besar Nasional'!CB$2,'raw-all-komoditas'!$B$3:$B$37,0), MATCH('Komoditas besar Nasional'!$BV178,'raw-all-komoditas'!$B$3:$ZY$3,0)) -> 0 | CC178: =INDEX('raw-all-komoditas'!$B$3:$ZY$37, MATCH('Komoditas besar Nasional'!CC$2,'raw-all-komoditas'!$B$3:$B$37,0), MATCH('Komoditas besar Nasional'!$BV178,'raw-all-komoditas'!$B$3:$ZY$3,0)) -> 0 | CD178: =INDEX('raw-all-komoditas'!$B$3:$ZY$37, MATCH('Komoditas besar Nasional'!CD$2,'raw-all-komoditas'!$B$3:$B$37,0), MATCH('Komoditas besar Nasional'!$BV178,'raw-all-komoditas'!$B$3:$ZY$3,0)) -> 0 | ... DD178: =INDEX('raw-all-komoditas'!$B$3:$ZY$37, MATCH('Komoditas besar Nasional'!DD$2,'raw-all-komoditas'!$B$3:$B$37,0), MATCH('Komoditas besar Nasional'!$BV178,'raw-all-komoditas'!$B$3:$ZY$3,0)) -> 0 | DF178: =IF(C178>=250, "Lebih dari 250M", "Kurang dari 250M") -> Kurang dari 250M | DG178: =IF(D178>=250, "Lebih dari 250M", "Kurang dari 250M") -> Kurang dari 250M | DH178: =IF(E178>=250, "Lebih dari 250M", "Kurang dari 250M") -> Kurang dari 250M | DI178: =IF(F178>=250, "Lebih dari 250M", "Kurang dari 250M") -> Kurang dari 250M | DJ178: =IF(G178>=250, "Lebih dari 250M", "Kurang dari 250M") -> Kurang dari 250M | DK178: =IF(H178>=250, "Lebih dari 250M", "Kurang dari 250M") -> Kurang dari 250M | DL178: =IF(I178>=250, "Lebih dari 250M", "Kurang dari 250M") -> Kurang dari 250M | DM178: =IF(J178>=250, "Lebih dari 250M", "Kurang dari 250M") -> Kurang dari 250M | ... EM178: =IF(AJ178>=250, "Lebih dari 250M", "Kurang dari 250M") -> Kurang dari 250M
A179: Perikanan Tangkap Laut (Milyar) | B179: BETOK LAUT ; tangkap | C179: =INDEX('raw-all-komoditas'!$B$3:$ZY$37, MATCH('Komoditas besar Nasional'!C$2,'raw-all-komoditas'!$B$3:$B$37,0), MATCH('Komoditas besar Nasional'!$B179,'raw-all-komoditas'!$B$3:$ZY$3,0)) -> 0 | D179: =INDEX('raw-all-komoditas'!$B$3:$ZY$37, MATCH('Komoditas besar Nasional'!D$2,'raw-all-komoditas'!$B$3:$B$37,0), MATCH('Komoditas besar Nasional'!$B179,'raw-all-komoditas'!$B$3:$ZY$3,0)) -> 0 | E179: =INDEX('raw-all-komoditas'!$B$3:$ZY$37, MATCH('Komoditas besar Nasional'!E$2,'raw-all-komoditas'!$B$3:$B$37,0), MATCH('Komoditas besar Nasional'!$B179,'raw-all-komoditas'!$B$3:$ZY$3,0)) -> 0 | F179: =INDEX('raw-all-komoditas'!$B$3:$ZY$37, MATCH('Komoditas besar Nasional'!F$2,'raw-all-komoditas'!$B$3:$B$37,0), MATCH('Komoditas besar Nasional'!$B179,'raw-all-komoditas'!$B$3:$ZY$3,0)) -> 0 | G179: =INDEX('raw-all-komoditas'!$B$3:$ZY$37, MATCH('Komoditas besar Nasional'!G$2,'raw-all-komoditas'!$B$3:$B$37,0), MATCH('Komoditas besar Nasional'!$B179,'raw-all-komoditas'!$B$3:$ZY$3,0)) -> 0 | H179: =INDEX('raw-all-komoditas'!$B$3:$ZY$37, MATCH('Komoditas besar Nasional'!H$2,'raw-all-komoditas'!$B$3:$B$37,0), MATCH('Komoditas besar Nasional'!$B179,'raw-all-komoditas'!$B$3:$ZY$3,0)) -> 0 | I179: =INDEX('raw-all-komoditas'!$B$3:$ZY$37, MATCH('Komoditas besar Nasional'!I$2,'raw-all-komoditas'!$B$3:$B$37,0), MATCH('Komoditas besar Nasional'!$B179,'raw-all-komoditas'!$B$3:$ZY$3,0)) -> 0 | J179: =INDEX('raw-all-komoditas'!$B$3:$ZY$37, MATCH('Komoditas besar Nasional'!J$2,'raw-all-komoditas'!$B$3:$B$37,0), MATCH('Komoditas besar Nasional'!$B179,'raw-all-komoditas'!$B$3:$ZY$3,0)) -> 0 | ... AJ179: =INDEX('raw-all-komoditas'!$B$3:$ZY$37, MATCH('Komoditas besar Nasional'!AJ$2,'raw-all-komoditas'!$B$3:$B$37,0), MATCH('Komoditas besar Nasional'!$B179,'raw-all-komoditas'!$B$3:$ZY$3,0)) -> 0 | AL179: =INDEX('rank provinsi to commodity'!$B$3:$ZX$37, MATCH(AL$2,'rank provinsi to commodity'!$B$3:$B$37,0),MATCH($B179,'rank provinsi to commodity'!$B$3:$ZX$3,0)) -> 3 | AM179: =INDEX('rank provinsi to commodity'!$B$3:$ZX$37, MATCH(AM$2,'rank provinsi to commodity'!$B$3:$B$37,0),MATCH($B179,'rank provinsi to commodity'!$B$3:$ZX$3,0)) -> 3 | AN179: =INDEX('rank provinsi to commodity'!$B$3:$ZX$37, MATCH(AN$2,'rank provinsi to commodity'!$B$3:$B$37,0),MATCH($B179,'rank provinsi to commodity'!$B$3:$ZX$3,0)) -> 3 | AO179: =INDEX('rank provinsi to commodity'!$B$3:$ZX$37, MATCH(AO$2,'rank provinsi to commodity'!$B$3:$B$37,0),MATCH($B179,'rank provinsi to commodity'!$B$3:$ZX$3,0)) -> 3 | AP179: =INDEX('rank provinsi to commodity'!$B$3:$ZX$37, MATCH(AP$2,'rank provinsi to commodity'!$B$3:$B$37,0),MATCH($B179,'rank provinsi to commodity'!$B$3:$ZX$3,0)) -> 3 | AQ179: =INDEX('rank provinsi to commodity'!$B$3:$ZX$37, MATCH(AQ$2,'rank provinsi to commodity'!$B$3:$B$37,0),MATCH($B179,'rank provinsi to commodity'!$B$3:$ZX$3,0)) -> 3 | AR179: =INDEX('rank provinsi to commodity'!$B$3:$ZX$37, MATCH(AR$2,'rank provinsi to commodity'!$B$3:$B$37,0),MATCH($B179,'rank provinsi to commodity'!$B$3:$ZX$3,0)) -> 3 | AS179: =INDEX('rank provinsi to commodity'!$B$3:$ZX$37, MATCH(AS$2,'rank provinsi to commodity'!$B$3:$B$37,0),MATCH($B179,'rank provinsi to commodity'!$B$3:$ZX$3,0)) -> 3 | ... BS179: =INDEX('rank provinsi to commodity'!$B$3:$ZX$37, MATCH(BS$2,'rank provinsi to commodity'!$B$3:$B$37,0),MATCH($B179,'rank provinsi to commodity'!$B$3:$ZX$3,0)) -> 3 | BU179: =BU178 -> PERIKANAN TANGKAP LAUT (Ton) | BV179: BETOK LAUT (Ton) | BW179: =INDEX('raw-all-komoditas'!$B$3:$ZY$37, MATCH('Komoditas besar Nasional'!BW$2,'raw-all-komoditas'!$B$3:$B$37,0), MATCH('Komoditas besar Nasional'!$BV179,'raw-all-komoditas'!$B$3:$ZY$3,0)) -> 0 | BX179: =INDEX('raw-all-komoditas'!$B$3:$ZY$37, MATCH('Komoditas besar Nasional'!BX$2,'raw-all-komoditas'!$B$3:$B$37,0), MATCH('Komoditas besar Nasional'!$BV179,'raw-all-komoditas'!$B$3:$ZY$3,0)) -> 0 | BY179: =INDEX('raw-all-komoditas'!$B$3:$ZY$37, MATCH('Komoditas besar Nasional'!BY$2,'raw-all-komoditas'!$B$3:$B$37,0), MATCH('Komoditas besar Nasional'!$BV179,'raw-all-komoditas'!$B$3:$ZY$3,0)) -> 0 | BZ179: =INDEX('raw-all-komoditas'!$B$3:$ZY$37, MATCH('Komoditas besar Nasional'!BZ$2,'raw-all-komoditas'!$B$3:$B$37,0), MATCH('Komoditas besar Nasional'!$BV179,'raw-all-komoditas'!$B$3:$ZY$3,0)) -> 0 | CA179: =INDEX('raw-all-komoditas'!$B$3:$ZY$37, MATCH('Komoditas besar Nasional'!CA$2,'raw-all-komoditas'!$B$3:$B$37,0), MATCH('Komoditas besar Nasional'!$BV179,'raw-all-komoditas'!$B$3:$ZY$3,0)) -> 0 | CB179: =INDEX('raw-all-komoditas'!$B$3:$ZY$37, MATCH('Komoditas besar Nasional'!CB$2,'raw-all-komoditas'!$B$3:$B$37,0), MATCH('Komoditas besar Nasional'!$BV179,'raw-all-komoditas'!$B$3:$ZY$3,0)) -> 0 | CC179: =INDEX('raw-all-komoditas'!$B$3:$ZY$37, MATCH('Komoditas besar Nasional'!CC$2,'raw-all-komoditas'!$B$3:$B$37,0), MATCH('Komoditas besar Nasional'!$BV179,'raw-all-komoditas'!$B$3:$ZY$3,0)) -> 0 | CD179: =INDEX('raw-all-komoditas'!$B$3:$ZY$37, MATCH('Komoditas besar Nasional'!CD$2,'raw-all-komoditas'!$B$3:$B$37,0), MATCH('Komoditas besar Nasional'!$BV179,'raw-all-komoditas'!$B$3:$ZY$3,0)) -> 0 | ... DD179: =INDEX('raw-all-komoditas'!$B$3:$ZY$37, MATCH('Komoditas besar Nasional'!DD$2,'raw-all-komoditas'!$B$3:$B$37,0), MATCH('Komoditas besar Nasional'!$BV179,'raw-all-komoditas'!$B$3:$ZY$3,0)) -> 0 | DF179: =IF(C179>=250, "Lebih dari 250M", "Kurang dari 250M") -> Kurang dari 250M | DG179: =IF(D179>=250, "Lebih dari 250M", "Kurang dari 250M") -> Kurang dari 250M | DH179: =IF(E179>=250, "Lebih dari 250M", "Kurang dari 250M") -> Kurang dari 250M | DI179: =IF(F179>=250, "Lebih dari 250M", "Kurang dari 250M") -> Kurang dari 250M | DJ179: =IF(G179>=250, "Lebih dari 250M", "Kurang dari 250M") -> Kurang dari 250M | DK179: =IF(H179>=250, "Lebih dari 250M", "Kurang dari 250M") -> Kurang dari 250M | DL179: =IF(I179>=250, "Lebih dari 250M", "Kurang dari 250M") -> Kurang dari 250M | DM179: =IF(J179>=250, "Lebih dari 250M", "Kurang dari 250M") -> Kurang dari 250M | ... EM179: =IF(AJ179>=250, "Lebih dari 250M", "Kurang dari 250M") -> Kurang dari 250M
A180: Perikanan Tangkap Laut (Milyar) | B180: BIJI NANGKA ; tangkap | C180: =INDEX('raw-all-komoditas'!$B$3:$ZY$37, MATCH('Komoditas besar Nasional'!C$2,'raw-all-komoditas'!$B$3:$B$37,0), MATCH('Komoditas besar Nasional'!$B180,'raw-all-komoditas'!$B$3:$ZY$3,0)) -> 57.367235 | D180: =INDEX('raw-all-komoditas'!$B$3:$ZY$37, MATCH('Komoditas besar Nasional'!D$2,'raw-all-komoditas'!$B$3:$B$37,0), MATCH('Komoditas besar Nasional'!$B180,'raw-all-komoditas'!$B$3:$ZY$3,0)) -> 73.062979 | E180: =INDEX('raw-all-komoditas'!$B$3:$ZY$37, MATCH('Komoditas besar Nasional'!E$2,'raw-all-komoditas'!$B$3:$B$37,0), MATCH('Komoditas besar Nasional'!$B180,'raw-all-komoditas'!$B$3:$ZY$3,0)) -> 124.57675 | F180: =INDEX('raw-all-komoditas'!$B$3:$ZY$37, MATCH('Komoditas besar Nasional'!F$2,'raw-all-komoditas'!$B$3:$B$37,0), MATCH('Komoditas besar Nasional'!$B180,'raw-all-komoditas'!$B$3:$ZY$3,0)) -> 0 | G180: =INDEX('raw-all-komoditas'!$B$3:$ZY$37, MATCH('Komoditas besar Nasional'!G$2,'raw-all-komoditas'!$B$3:$B$37,0), MATCH('Komoditas besar Nasional'!$B180,'raw-all-komoditas'!$B$3:$ZY$3,0)) -> 0 | H180: =INDEX('raw-all-komoditas'!$B$3:$ZY$37, MATCH('Komoditas besar Nasional'!H$2,'raw-all-komoditas'!$B$3:$B$37,0), MATCH('Komoditas besar Nasional'!$B180,'raw-all-komoditas'!$B$3:$ZY$3,0)) -> 0 | I180: =INDEX('raw-all-komoditas'!$B$3:$ZY$37, MATCH('Komoditas besar Nasional'!I$2,'raw-all-komoditas'!$B$3:$B$37,0), MATCH('Komoditas besar Nasional'!$B180,'raw-all-komoditas'!$B$3:$ZY$3,0)) -> 14.51482 | J180: =INDEX('raw-all-komoditas'!$B$3:$ZY$37, MATCH('Komoditas besar Nasional'!J$2,'raw-all-komoditas'!$B$3:$B$37,0), MATCH('Komoditas besar Nasional'!$B180,'raw-all-komoditas'!$B$3:$ZY$3,0)) -> 10.269929 | ... AJ180: =INDEX('raw-all-komoditas'!$B$3:$ZY$37, MATCH('Komoditas besar Nasional'!AJ$2,'raw-all-komoditas'!$B$3:$B$37,0), MATCH('Komoditas besar Nasional'!$B180,'raw-all-komoditas'!$B$3:$ZY$3,0)) -> 482.6382 | AL180: =INDEX('rank provinsi to commodity'!$B$3:$ZX$37, MATCH(AL$2,'rank provinsi to commodity'!$B$3:$B$37,0),MATCH($B180,'rank provinsi to commodity'!$B$3:$ZX$3,0)) -> 17 | AM180: =INDEX('rank provinsi to commodity'!$B$3:$ZX$37, MATCH(AM$2,'rank provinsi to commodity'!$B$3:$B$37,0),MATCH($B180,'rank provinsi to commodity'!$B$3:$ZX$3,0)) -> 10 | AN180: =INDEX('rank provinsi to commodity'!$B$3:$ZX$37, MATCH(AN$2,'rank provinsi to commodity'!$B$3:$B$37,0),MATCH($B180,'rank provinsi to commodity'!$B$3:$ZX$3,0)) -> 7 | AO180: =INDEX('rank provinsi to commodity'!$B$3:$ZX$37, MATCH(AO$2,'rank provinsi to commodity'!$B$3:$B$37,0),MATCH($B180,'rank provinsi to commodity'!$B$3:$ZX$3,0)) -> 32 | AP180: =INDEX('rank provinsi to commodity'!$B$3:$ZX$37, MATCH(AP$2,'rank provinsi to commodity'!$B$3:$B$37,0),MATCH($B180,'rank provinsi to commodity'!$B$3:$ZX$3,0)) -> 32 | AQ180: =INDEX('rank provinsi to commodity'!$B$3:$ZX$37, MATCH(AQ$2,'rank provinsi to commodity'!$B$3:$B$37,0),MATCH($B180,'rank provinsi to commodity'!$B$3:$ZX$3,0)) -> 32 | AR180: =INDEX('rank provinsi to commodity'!$B$3:$ZX$37, MATCH(AR$2,'rank provinsi to commodity'!$B$3:$B$37,0),MATCH($B180,'rank provinsi to commodity'!$B$3:$ZX$3,0)) -> 24 | AS180: =INDEX('rank provinsi to commodity'!$B$3:$ZX$37, MATCH(AS$2,'rank provinsi to commodity'!$B$3:$B$37,0),MATCH($B180,'rank provinsi to commodity'!$B$3:$ZX$3,0)) -> 26 | ... BS180: =INDEX('rank provinsi to commodity'!$B$3:$ZX$37, MATCH(BS$2,'rank provinsi to commodity'!$B$3:$B$37,0),MATCH($B180,'rank provinsi to commodity'!$B$3:$ZX$3,0)) -> 2 | BU180: =BU179 -> PERIKANAN TANGKAP LAUT (Ton) | BV180: BIJI NANGKA (Ton) | BW180: =INDEX('raw-all-komoditas'!$B$3:$ZY$37, MATCH('Komoditas besar Nasional'!BW$2,'raw-all-komoditas'!$B$3:$B$37,0), MATCH('Komoditas besar Nasional'!$BV180,'raw-all-komoditas'!$B$3:$ZY$3,0)) -> 3306 | BX180: =INDEX('raw-all-komoditas'!$B$3:$ZY$37, MATCH('Komoditas besar Nasional'!BX$2,'raw-all-komoditas'!$B$3:$B$37,0), MATCH('Komoditas besar Nasional'!$BV180,'raw-all-komoditas'!$B$3:$ZY$3,0)) -> 4651 | BY180: =INDEX('raw-all-komoditas'!$B$3:$ZY$37, MATCH('Komoditas besar Nasional'!BY$2,'raw-all-komoditas'!$B$3:$B$37,0), MATCH('Komoditas besar Nasional'!$BV180,'raw-all-komoditas'!$B$3:$ZY$3,0)) -> 6747 | BZ180: =INDEX('raw-all-komoditas'!$B$3:$ZY$37, MATCH('Komoditas besar Nasional'!BZ$2,'raw-all-komoditas'!$B$3:$B$37,0), MATCH('Komoditas besar Nasional'!$BV180,'raw-all-komoditas'!$B$3:$ZY$3,0)) -> 0 | CA180: =INDEX('raw-all-komoditas'!$B$3:$ZY$37, MATCH('Komoditas besar Nasional'!CA$2,'raw-all-komoditas'!$B$3:$B$37,0), MATCH('Komoditas besar Nasional'!$BV180,'raw-all-komoditas'!$B$3:$ZY$3,0)) -> 0 | CB180: =INDEX('raw-all-komoditas'!$B$3:$ZY$37, MATCH('Komoditas besar Nasional'!CB$2,'raw-all-komoditas'!$B$3:$B$37,0), MATCH('Komoditas besar Nasional'!$BV180,'raw-all-komoditas'!$B$3:$ZY$3,0)) -> 0 | CC180: =INDEX('raw-all-komoditas'!$B$3:$ZY$37, MATCH('Komoditas besar Nasional'!CC$2,'raw-all-komoditas'!$B$3:$B$37,0), MATCH('Komoditas besar Nasional'!$BV180,'raw-all-komoditas'!$B$3:$ZY$3,0)) -> 737 | CD180: =INDEX('raw-all-komoditas'!$B$3:$ZY$37, MATCH('Komoditas besar Nasional'!CD$2,'raw-all-komoditas'!$B$3:$B$37,0), MATCH('Komoditas besar Nasional'!$BV180,'raw-all-komoditas'!$B$3:$ZY$3,0)) -> 435 | ... DD180: =INDEX('raw-all-komoditas'!$B$3:$ZY$37, MATCH('Komoditas besar Nasional'!DD$2,'raw-all-komoditas'!$B$3:$B$37,0), MATCH('Komoditas besar Nasional'!$BV180,'raw-all-komoditas'!$B$3:$ZY$3,0)) -> 14745 | DF180: =IF(C180>=250, "Lebih dari 250M", "Kurang dari 250M") -> Kurang dari 250M | DG180: =IF(D180>=250, "Lebih dari 250M", "Kurang dari 250M") -> Kurang dari 250M | DH180: =IF(E180>=250, "Lebih dari 250M", "Kurang dari 250M") -> Kurang dari 250M | DI180: =IF(F180>=250, "Lebih dari 250M", "Kurang dari 250M") -> Kurang dari 250M | DJ180: =IF(G180>=250, "Lebih dari 250M", "Kurang dari 250M") -> Kurang dari 250M | DK180: =IF(H180>=250, "Lebih dari 250M", "Kurang dari 250M") -> Kurang dari 250M | DL180: =IF(I180>=250, "Lebih dari 250M", "Kurang dari 250M") -> Kurang dari 250M | DM180: =IF(J180>=250, "Lebih dari 250M", "Kurang dari 250M") -> Kurang dari 250M | ... EM180: =IF(AJ180>=250, "Lebih dari 250M", "Kurang dari 250M") -> Lebih dari 250M
A181: Perikanan Tangkap Laut (Milyar) | B181: BILIH ; tangkap | C181: =INDEX('raw-all-komoditas'!$B$3:$ZY$37, MATCH('Komoditas besar Nasional'!C$2,'raw-all-komoditas'!$B$3:$B$37,0), MATCH('Komoditas besar Nasional'!$B181,'raw-all-komoditas'!$B$3:$ZY$3,0)) -> 5.10666 | D181: =INDEX('raw-all-komoditas'!$B$3:$ZY$37, MATCH('Komoditas besar Nasional'!D$2,'raw-all-komoditas'!$B$3:$B$37,0), MATCH('Komoditas besar Nasional'!$B181,'raw-all-komoditas'!$B$3:$ZY$3,0)) -> 0 | E181: =INDEX('raw-all-komoditas'!$B$3:$ZY$37, MATCH('Komoditas besar Nasional'!E$2,'raw-all-komoditas'!$B$3:$B$37,0), MATCH('Komoditas besar Nasional'!$B181,'raw-all-komoditas'!$B$3:$ZY$3,0)) -> 0 | F181: =INDEX('raw-all-komoditas'!$B$3:$ZY$37, MATCH('Komoditas besar Nasional'!F$2,'raw-all-komoditas'!$B$3:$B$37,0), MATCH('Komoditas besar Nasional'!$B181,'raw-all-komoditas'!$B$3:$ZY$3,0)) -> 0 | G181: =INDEX('raw-all-komoditas'!$B$3:$ZY$37, MATCH('Komoditas besar Nasional'!G$2,'raw-all-komoditas'!$B$3:$B$37,0), MATCH('Komoditas besar Nasional'!$B181,'raw-all-komoditas'!$B$3:$ZY$3,0)) -> 0 | H181: =INDEX('raw-all-komoditas'!$B$3:$ZY$37, MATCH('Komoditas besar Nasional'!H$2,'raw-all-komoditas'!$B$3:$B$37,0), MATCH('Komoditas besar Nasional'!$B181,'raw-all-komoditas'!$B$3:$ZY$3,0)) -> 0 | I181: =INDEX('raw-all-komoditas'!$B$3:$ZY$37, MATCH('Komoditas besar Nasional'!I$2,'raw-all-komoditas'!$B$3:$B$37,0), MATCH('Komoditas besar Nasional'!$B181,'raw-all-komoditas'!$B$3:$ZY$3,0)) -> 0 | J181: =INDEX('raw-all-komoditas'!$B$3:$ZY$37, MATCH('Komoditas besar Nasional'!J$2,'raw-all-komoditas'!$B$3:$B$37,0), MATCH('Komoditas besar Nasional'!$B181,'raw-all-komoditas'!$B$3:$ZY$3,0)) -> 0 | ... AJ181: =INDEX('raw-all-komoditas'!$B$3:$ZY$37, MATCH('Komoditas besar Nasional'!AJ$2,'raw-all-komoditas'!$B$3:$B$37,0), MATCH('Komoditas besar Nasional'!$B181,'raw-all-komoditas'!$B$3:$ZY$3,0)) -> 0 | AL181: =INDEX('rank provinsi to commodity'!$B$3:$ZX$37, MATCH(AL$2,'rank provinsi to commodity'!$B$3:$B$37,0),MATCH($B181,'rank provinsi to commodity'!$B$3:$ZX$3,0)) -> 1 | AM181: =INDEX('rank provinsi to commodity'!$B$3:$ZX$37, MATCH(AM$2,'rank provinsi to commodity'!$B$3:$B$37,0),MATCH($B181,'rank provinsi to commodity'!$B$3:$ZX$3,0)) -> 3 | AN181: =INDEX('rank provinsi to commodity'!$B$3:$ZX$37, MATCH(AN$2,'rank provinsi to commodity'!$B$3:$B$37,0),MATCH($B181,'rank provinsi to commodity'!$B$3:$ZX$3,0)) -> 3 | AO181: =INDEX('rank provinsi to commodity'!$B$3:$ZX$37, MATCH(AO$2,'rank provinsi to commodity'!$B$3:$B$37,0),MATCH($B181,'rank provinsi to commodity'!$B$3:$ZX$3,0)) -> 3 | AP181: =INDEX('rank provinsi to commodity'!$B$3:$ZX$37, MATCH(AP$2,'rank provinsi to commodity'!$B$3:$B$37,0),MATCH($B181,'rank provinsi to commodity'!$B$3:$ZX$3,0)) -> 3 | AQ181: =INDEX('rank provinsi to commodity'!$B$3:$ZX$37, MATCH(AQ$2,'rank provinsi to commodity'!$B$3:$B$37,0),MATCH($B181,'rank provinsi to commodity'!$B$3:$ZX$3,0)) -> 3 | AR181: =INDEX('rank provinsi to commodity'!$B$3:$ZX$37, MATCH(AR$2,'rank provinsi to commodity'!$B$3:$B$37,0),MATCH($B181,'rank provinsi to commodity'!$B$3:$ZX$3,0)) -> 3 | AS181: =INDEX('rank provinsi to commodity'!$B$3:$ZX$37, MATCH(AS$2,'rank provinsi to commodity'!$B$3:$B$37,0),MATCH($B181,'rank provinsi to commodity'!$B$3:$ZX$3,0)) -> 3 | ... BS181: =INDEX('rank provinsi to commodity'!$B$3:$ZX$37, MATCH(BS$2,'rank provinsi to commodity'!$B$3:$B$37,0),MATCH($B181,'rank provinsi to commodity'!$B$3:$ZX$3,0)) -> 3 | BU181: =BU180 -> PERIKANAN TANGKAP LAUT (Ton) | BV181: BILIH (Ton) | BW181: =INDEX('raw-all-komoditas'!$B$3:$ZY$37, MATCH('Komoditas besar Nasional'!BW$2,'raw-all-komoditas'!$B$3:$B$37,0), MATCH('Komoditas besar Nasional'!$BV181,'raw-all-komoditas'!$B$3:$ZY$3,0)) -> 170 | BX181: =INDEX('raw-all-komoditas'!$B$3:$ZY$37, MATCH('Komoditas besar Nasional'!BX$2,'raw-all-komoditas'!$B$3:$B$37,0), MATCH('Komoditas besar Nasional'!$BV181,'raw-all-komoditas'!$B$3:$ZY$3,0)) -> 0 | BY181: =INDEX('raw-all-komoditas'!$B$3:$ZY$37, MATCH('Komoditas besar Nasional'!BY$2,'raw-all-komoditas'!$B$3:$B$37,0), MATCH('Komoditas besar Nasional'!$BV181,'raw-all-komoditas'!$B$3:$ZY$3,0)) -> 0 | BZ181: =INDEX('raw-all-komoditas'!$B$3:$ZY$37, MATCH('Komoditas besar Nasional'!BZ$2,'raw-all-komoditas'!$B$3:$B$37,0), MATCH('Komoditas besar Nasional'!$BV181,'raw-all-komoditas'!$B$3:$ZY$3,0)) -> 0 | CA181: =INDEX('raw-all-komoditas'!$B$3:$ZY$37, MATCH('Komoditas besar Nasional'!CA$2,'raw-all-komoditas'!$B$3:$B$37,0), MATCH('Komoditas besar Nasional'!$BV181,'raw-all-komoditas'!$B$3:$ZY$3,0)) -> 0 | CB181: =INDEX('raw-all-komoditas'!$B$3:$ZY$37, MATCH('Komoditas besar Nasional'!CB$2,'raw-all-komoditas'!$B$3:$B$37,0), MATCH('Komoditas besar Nasional'!$BV181,'raw-all-komoditas'!$B$3:$ZY$3,0)) -> 0 | CC181: =INDEX('raw-all-komoditas'!$B$3:$ZY$37, MATCH('Komoditas besar Nasional'!CC$2,'raw-all-komoditas'!$B$3:$B$37,0), MATCH('Komoditas besar Nasional'!$BV181,'raw-all-komoditas'!$B$3:$ZY$3,0)) -> 0 | CD181: =INDEX('raw-all-komoditas'!$B$3:$ZY$37, MATCH('Komoditas besar Nasional'!CD$2,'raw-all-komoditas'!$B$3:$B$37,0), MATCH('Komoditas besar Nasional'!$BV181,'raw-all-komoditas'!$B$3:$ZY$3,0)) -> 0 | ... DD181: =INDEX('raw-all-komoditas'!$B$3:$ZY$37, MATCH('Komoditas besar Nasional'!DD$2,'raw-all-komoditas'!$B$3:$B$37,0), MATCH('Komoditas besar Nasional'!$BV181,'raw-all-komoditas'!$B$3:$ZY$3,0)) -> 0 | DF181: =IF(C181>=250, "Lebih dari 250M", "Kurang dari 250M") -> Kurang dari 250M | DG181: =IF(D181>=250, "Lebih dari 250M", "Kurang dari 250M") -> Kurang dari 250M | DH181: =IF(E181>=250, "Lebih dari 250M", "Kurang dari 250M") -> Kurang dari 250M | DI181: =IF(F181>=250, "Lebih dari 250M", "Kurang dari 250M") -> Kurang dari 250M | DJ181: =IF(G181>=250, "Lebih dari 250M", "Kurang dari 250M") -> Kurang dari 250M | DK181: =IF(H181>=250, "Lebih dari 250M", "Kurang dari 250M") -> Kurang dari 250M | DL181: =IF(I181>=250, "Lebih dari 250M", "Kurang dari 250M") -> Kurang dari 250M | DM181: =IF(J181>=250, "Lebih dari 250M", "Kurang dari 250M") -> Kurang dari 250M | ... EM181: =IF(AJ181>=250, "Lebih dari 250M", "Kurang dari 250M") -> Kurang dari 250M
... A271: Perikanan Tangkap Laut (Milyar) | B271: UDANG ; tangkap | C271: =INDEX('raw-all-komoditas'!$B$3:$ZY$37, MATCH('Komoditas besar Nasional'!C$2,'raw-all-komoditas'!$B$3:$B$37,0), MATCH('Komoditas besar Nasional'!$B271,'raw-all-komoditas'!$B$3:$ZY$3,0)) -> 289.27563 | D271: =INDEX('raw-all-komoditas'!$B$3:$ZY$37, MATCH('Komoditas besar Nasional'!D$2,'raw-all-komoditas'!$B$3:$B$37,0), MATCH('Komoditas besar Nasional'!$B271,'raw-all-komoditas'!$B$3:$ZY$3,0)) -> 930.56052 | E271: =INDEX('raw-all-komoditas'!$B$3:$ZY$37, MATCH('Komoditas besar Nasional'!E$2,'raw-all-komoditas'!$B$3:$B$37,0), MATCH('Komoditas besar Nasional'!$B271,'raw-all-komoditas'!$B$3:$ZY$3,0)) -> 151.46453 | F271: =INDEX('raw-all-komoditas'!$B$3:$ZY$37, MATCH('Komoditas besar Nasional'!F$2,'raw-all-komoditas'!$B$3:$B$37,0), MATCH('Komoditas besar Nasional'!$B271,'raw-all-komoditas'!$B$3:$ZY$3,0)) -> 150.55803 | G271: =INDEX('raw-all-komoditas'!$B$3:$ZY$37, MATCH('Komoditas besar Nasional'!G$2,'raw-all-komoditas'!$B$3:$B$37,0), MATCH('Komoditas besar Nasional'!$B271,'raw-all-komoditas'!$B$3:$ZY$3,0)) -> 470.28871 | H271: =INDEX('raw-all-komoditas'!$B$3:$ZY$37, MATCH('Komoditas besar Nasional'!H$2,'raw-all-komoditas'!$B$3:$B$37,0), MATCH('Komoditas besar Nasional'!$B271,'raw-all-komoditas'!$B$3:$ZY$3,0)) -> 667.53055 | I271: =INDEX('raw-all-komoditas'!$B$3:$ZY$37, MATCH('Komoditas besar Nasional'!I$2,'raw-all-komoditas'!$B$3:$B$37,0), MATCH('Komoditas besar Nasional'!$B271,'raw-all-komoditas'!$B$3:$ZY$3,0)) -> 807.42545 | J271: =INDEX('raw-all-komoditas'!$B$3:$ZY$37, MATCH('Komoditas besar Nasional'!J$2,'raw-all-komoditas'!$B$3:$B$37,0), MATCH('Komoditas besar Nasional'!$B271,'raw-all-komoditas'!$B$3:$ZY$3,0)) -> 163.00045 | ... AJ271: =INDEX('raw-all-komoditas'!$B$3:$ZY$37, MATCH('Komoditas besar Nasional'!AJ$2,'raw-all-komoditas'!$B$3:$B$37,0), MATCH('Komoditas besar Nasional'!$B271,'raw-all-komoditas'!$B$3:$ZY$3,0)) -> 87.7029 | AL271: =INDEX('rank provinsi to commodity'!$B$3:$ZX$37, MATCH(AL$2,'rank provinsi to commodity'!$B$3:$B$37,0),MATCH($B271,'rank provinsi to commodity'!$B$3:$ZX$3,0)) -> 15 | AM271: =INDEX('rank provinsi to commodity'!$B$3:$ZX$37, MATCH(AM$2,'rank provinsi to commodity'!$B$3:$B$37,0),MATCH($B271,'rank provinsi to commodity'!$B$3:$ZX$3,0)) -> 3 | AN271: =INDEX('rank provinsi to commodity'!$B$3:$ZX$37, MATCH(AN$2,'rank provinsi to commodity'!$B$3:$B$37,0),MATCH($B271,'rank provinsi to commodity'!$B$3:$ZX$3,0)) -> 21 | AO271: =INDEX('rank provinsi to commodity'!$B$3:$ZX$37, MATCH(AO$2,'rank provinsi to commodity'!$B$3:$B$37,0),MATCH($B271,'rank provinsi to commodity'!$B$3:$ZX$3,0)) -> 22 | AP271: =INDEX('rank provinsi to commodity'!$B$3:$ZX$37, MATCH(AP$2,'rank provinsi to commodity'!$B$3:$B$37,0),MATCH($B271,'rank provinsi to commodity'!$B$3:$ZX$3,0)) -> 13 | AQ271: =INDEX('rank provinsi to commodity'!$B$3:$ZX$37, MATCH(AQ$2,'rank provinsi to commodity'!$B$3:$B$37,0),MATCH($B271,'rank provinsi to commodity'!$B$3:$ZX$3,0)) -> 6 | AR271: =INDEX('rank provinsi to commodity'!$B$3:$ZX$37, MATCH(AR$2,'rank provinsi to commodity'!$B$3:$B$37,0),MATCH($B271,'rank provinsi to commodity'!$B$3:$ZX$3,0)) -> 5 | AS271: =INDEX('rank provinsi to commodity'!$B$3:$ZX$37, MATCH(AS$2,'rank provinsi to commodity'!$B$3:$B$37,0),MATCH($B271,'rank provinsi to commodity'!$B$3:$ZX$3,0)) -> 19 | ... BS271: =INDEX('rank provinsi to commodity'!$B$3:$ZX$37, MATCH(BS$2,'rank provinsi to commodity'!$B$3:$B$37,0),MATCH($B271,'rank provinsi to commodity'!$B$3:$ZX$3,0)) -> 25 | BU271: =BU270 -> PERIKANAN TANGKAP LAUT (Ton) | BV271: UDANG (Ton) | BW271: =INDEX('raw-all-komoditas'!$B$3:$ZY$37, MATCH('Komoditas besar Nasional'!BW$2,'raw-all-komoditas'!$B$3:$B$37,0), MATCH('Komoditas besar Nasional'!$BV271,'raw-all-komoditas'!$B$3:$ZY$3,0)) -> 4763 | BX271: =INDEX('raw-all-komoditas'!$B$3:$ZY$37, MATCH('Komoditas besar Nasional'!BX$2,'raw-all-komoditas'!$B$3:$B$37,0), MATCH('Komoditas besar Nasional'!$BV271,'raw-all-komoditas'!$B$3:$ZY$3,0)) -> 25483 | BY271: =INDEX('raw-all-komoditas'!$B$3:$ZY$37, MATCH('Komoditas besar Nasional'!BY$2,'raw-all-komoditas'!$B$3:$B$37,0), MATCH('Komoditas besar Nasional'!$BV271,'raw-all-komoditas'!$B$3:$ZY$3,0)) -> 2707 | BZ271: =INDEX('raw-all-komoditas'!$B$3:$ZY$37, MATCH('Komoditas besar Nasional'!BZ$2,'raw-all-komoditas'!$B$3:$B$37,0), MATCH('Komoditas besar Nasional'!$BV271,'raw-all-komoditas'!$B$3:$ZY$3,0)) -> 3611 | CA271: =INDEX('raw-all-komoditas'!$B$3:$ZY$37, MATCH('Komoditas besar Nasional'!CA$2,'raw-all-komoditas'!$B$3:$B$37,0), MATCH('Komoditas besar Nasional'!$BV271,'raw-all-komoditas'!$B$3:$ZY$3,0)) -> 14168 | CB271: =INDEX('raw-all-komoditas'!$B$3:$ZY$37, MATCH('Komoditas besar Nasional'!CB$2,'raw-all-komoditas'!$B$3:$B$37,0), MATCH('Komoditas besar Nasional'!$BV271,'raw-all-komoditas'!$B$3:$ZY$3,0)) -> 12427 | CC271: =INDEX('raw-all-komoditas'!$B$3:$ZY$37, MATCH('Komoditas besar Nasional'!CC$2,'raw-all-komoditas'!$B$3:$B$37,0), MATCH('Komoditas besar Nasional'!$BV271,'raw-all-komoditas'!$B$3:$ZY$3,0)) -> 14533 | CD271: =INDEX('raw-all-komoditas'!$B$3:$ZY$37, MATCH('Komoditas besar Nasional'!CD$2,'raw-all-komoditas'!$B$3:$B$37,0), MATCH('Komoditas besar Nasional'!$BV271,'raw-all-komoditas'!$B$3:$ZY$3,0)) -> 3170 | ... DD271: =INDEX('raw-all-komoditas'!$B$3:$ZY$37, MATCH('Komoditas besar Nasional'!DD$2,'raw-all-komoditas'!$B$3:$B$37,0), MATCH('Komoditas besar Nasional'!$BV271,'raw-all-komoditas'!$B$3:$ZY$3,0)) -> 1769 | DF271: =IF(C271>=250, "Lebih dari 250M", "Kurang dari 250M") -> Lebih dari 250M | DG271: =IF(D271>=250, "Lebih dari 250M", "Kurang dari 250M") -> Lebih dari 250M | DH271: =IF(E271>=250, "Lebih dari 250M", "Kurang dari 250M") -> Kurang dari 250M | DI271: =IF(F271>=250, "Lebih dari 250M", "Kurang dari 250M") -> Kurang dari 250M | DJ271: =IF(G271>=250, "Lebih dari 250M", "Kurang dari 250M") -> Lebih dari 250M | DK271: =IF(H271>=250, "Lebih dari 250M", "Kurang dari 250M") -> Lebih dari 250M | DL271: =IF(I271>=250, "Lebih dari 250M", "Kurang dari 250M") -> Lebih dari 250M | DM271: =IF(J271>=250, "Lebih dari 250M", "Kurang dari 250M") -> Kurang dari 250M | ... EM271: =IF(AJ271>=250, "Lebih dari 250M", "Kurang dari 250M") -> Kurang dari 250M
A272: Perikanan Tangkap PUD (Perairan Umum Daratan, Milyar) | B272: BANDENG ; PUD | C272: =INDEX('raw-all-komoditas'!$B$3:$ZY$37, MATCH('Komoditas besar Nasional'!C$2,'raw-all-komoditas'!$B$3:$B$37,0), MATCH('Komoditas besar Nasional'!$B272,'raw-all-komoditas'!$B$3:$ZY$3,0)) -> 0.03825 | D272: =INDEX('raw-all-komoditas'!$B$3:$ZY$37, MATCH('Komoditas besar Nasional'!D$2,'raw-all-komoditas'!$B$3:$B$37,0), MATCH('Komoditas besar Nasional'!$B272,'raw-all-komoditas'!$B$3:$ZY$3,0)) -> 0 | E272: =INDEX('raw-all-komoditas'!$B$3:$ZY$37, MATCH('Komoditas besar Nasional'!E$2,'raw-all-komoditas'!$B$3:$B$37,0), MATCH('Komoditas besar Nasional'!$B272,'raw-all-komoditas'!$B$3:$ZY$3,0)) -> 0 | F272: =INDEX('raw-all-komoditas'!$B$3:$ZY$37, MATCH('Komoditas besar Nasional'!F$2,'raw-all-komoditas'!$B$3:$B$37,0), MATCH('Komoditas besar Nasional'!$B272,'raw-all-komoditas'!$B$3:$ZY$3,0)) -> 0 | G272: =INDEX('raw-all-komoditas'!$B$3:$ZY$37, MATCH('Komoditas besar Nasional'!G$2,'raw-all-komoditas'!$B$3:$B$37,0), MATCH('Komoditas besar Nasional'!$B272,'raw-all-komoditas'!$B$3:$ZY$3,0)) -> 0 | H272: =INDEX('raw-all-komoditas'!$B$3:$ZY$37, MATCH('Komoditas besar Nasional'!H$2,'raw-all-komoditas'!$B$3:$B$37,0), MATCH('Komoditas besar Nasional'!$B272,'raw-all-komoditas'!$B$3:$ZY$3,0)) -> 0 | I272: =INDEX('raw-all-komoditas'!$B$3:$ZY$37, MATCH('Komoditas besar Nasional'!I$2,'raw-all-komoditas'!$B$3:$B$37,0), MATCH('Komoditas besar Nasional'!$B272,'raw-all-komoditas'!$B$3:$ZY$3,0)) -> 0 | J272: =INDEX('raw-all-komoditas'!$B$3:$ZY$37, MATCH('Komoditas besar Nasional'!J$2,'raw-all-komoditas'!$B$3:$B$37,0), MATCH('Komoditas besar Nasional'!$B272,'raw-all-komoditas'!$B$3:$ZY$3,0)) -> 0 | ... AJ272: =INDEX('raw-all-komoditas'!$B$3:$ZY$37, MATCH('Komoditas besar Nasional'!AJ$2,'raw-all-komoditas'!$B$3:$B$37,0), MATCH('Komoditas besar Nasional'!$B272,'raw-all-komoditas'!$B$3:$ZY$3,0)) -> 0 | AL272: =INDEX('rank provinsi to commodity'!$B$3:$ZX$37, MATCH(AL$2,'rank provinsi to commodity'!$B$3:$B$37,0),MATCH($B272,'rank provinsi to commodity'!$B$3:$ZX$3,0)) -> 3 | AM272: =INDEX('rank provinsi to commodity'!$B$3:$ZX$37, MATCH(AM$2,'rank provinsi to commodity'!$B$3:$B$37,0),MATCH($B272,'rank provinsi to commodity'!$B$3:$ZX$3,0)) -> 5 | AN272: =INDEX('rank provinsi to commodity'!$B$3:$ZX$37, MATCH(AN$2,'rank provinsi to commodity'!$B$3:$B$37,0),MATCH($B272,'rank provinsi to commodity'!$B$3:$ZX$3,0)) -> 5 | AO272: =INDEX('rank provinsi to commodity'!$B$3:$ZX$37, MATCH(AO$2,'rank provinsi to commodity'!$B$3:$B$37,0),MATCH($B272,'rank provinsi to commodity'!$B$3:$ZX$3,0)) -> 5 | AP272: =INDEX('rank provinsi to commodity'!$B$3:$ZX$37, MATCH(AP$2,'rank provinsi to commodity'!$B$3:$B$37,0),MATCH($B272,'rank provinsi to commodity'!$B$3:$ZX$3,0)) -> 5 | AQ272: =INDEX('rank provinsi to commodity'!$B$3:$ZX$37, MATCH(AQ$2,'rank provinsi to commodity'!$B$3:$B$37,0),MATCH($B272,'rank provinsi to commodity'!$B$3:$ZX$3,0)) -> 5 | AR272: =INDEX('rank provinsi to commodity'!$B$3:$ZX$37, MATCH(AR$2,'rank provinsi to commodity'!$B$3:$B$37,0),MATCH($B272,'rank provinsi to commodity'!$B$3:$ZX$3,0)) -> 5 | AS272: =INDEX('rank provinsi to commodity'!$B$3:$ZX$37, MATCH(AS$2,'rank provinsi to commodity'!$B$3:$B$37,0),MATCH($B272,'rank provinsi to commodity'!$B$3:$ZX$3,0)) -> 5 | ... BS272: =INDEX('rank provinsi to commodity'!$B$3:$ZX$37, MATCH(BS$2,'rank provinsi to commodity'!$B$3:$B$37,0),MATCH($B272,'rank provinsi to commodity'!$B$3:$ZX$3,0)) -> 5 | BU272: Perikanan Tangkap PUD (Perairan Umum Daratan, Ton) | BV272: BANDENG (Ton) - PUD | BW272: =INDEX('raw-all-komoditas'!$B$3:$ZY$37, MATCH('Komoditas besar Nasional'!BW$2,'raw-all-komoditas'!$B$3:$B$37,0), MATCH('Komoditas besar Nasional'!$BV272,'raw-all-komoditas'!$B$3:$ZY$3,0)) -> 2 | BX272: =INDEX('raw-all-komoditas'!$B$3:$ZY$37, MATCH('Komoditas besar Nasional'!BX$2,'raw-all-komoditas'!$B$3:$B$37,0), MATCH('Komoditas besar Nasional'!$BV272,'raw-all-komoditas'!$B$3:$ZY$3,0)) -> 0 | BY272: =INDEX('raw-all-komoditas'!$B$3:$ZY$37, MATCH('Komoditas besar Nasional'!BY$2,'raw-all-komoditas'!$B$3:$B$37,0), MATCH('Komoditas besar Nasional'!$BV272,'raw-all-komoditas'!$B$3:$ZY$3,0)) -> 0 | BZ272: =INDEX('raw-all-komoditas'!$B$3:$ZY$37, MATCH('Komoditas besar Nasional'!BZ$2,'raw-all-komoditas'!$B$3:$B$37,0), MATCH('Komoditas besar Nasional'!$BV272,'raw-all-komoditas'!$B$3:$ZY$3,0)) -> 0 | CA272: =INDEX('raw-all-komoditas'!$B$3:$ZY$37, MATCH('Komoditas besar Nasional'!CA$2,'raw-all-komoditas'!$B$3:$B$37,0), MATCH('Komoditas besar Nasional'!$BV272,'raw-all-komoditas'!$B$3:$ZY$3,0)) -> 0 | CB272: =INDEX('raw-all-komoditas'!$B$3:$ZY$37, MATCH('Komoditas besar Nasional'!CB$2,'raw-all-komoditas'!$B$3:$B$37,0), MATCH('Komoditas besar Nasional'!$BV272,'raw-all-komoditas'!$B$3:$ZY$3,0)) -> 0 | CC272: =INDEX('raw-all-komoditas'!$B$3:$ZY$37, MATCH('Komoditas besar Nasional'!CC$2,'raw-all-komoditas'!$B$3:$B$37,0), MATCH('Komoditas besar Nasional'!$BV272,'raw-all-komoditas'!$B$3:$ZY$3,0)) -> 0 | CD272: =INDEX('raw-all-komoditas'!$B$3:$ZY$37, MATCH('Komoditas besar Nasional'!CD$2,'raw-all-komoditas'!$B$3:$B$37,0), MATCH('Komoditas besar Nasional'!$BV272,'raw-all-komoditas'!$B$3:$ZY$3,0)) -> 0 | ... DD272: =INDEX('raw-all-komoditas'!$B$3:$ZY$37, MATCH('Komoditas besar Nasional'!DD$2,'raw-all-komoditas'!$B$3:$B$37,0), MATCH('Komoditas besar Nasional'!$BV272,'raw-all-komoditas'!$B$3:$ZY$3,0)) -> 0 | DF272: =IF(C272>=250, "Lebih dari 250M", "Kurang dari 250M") -> Kurang dari 250M | DG272: =IF(D272>=250, "Lebih dari 250M", "Kurang dari 250M") -> Kurang dari 250M | DH272: =IF(E272>=250, "Lebih dari 250M", "Kurang dari 250M") -> Kurang dari 250M | DI272: =IF(F272>=250, "Lebih dari 250M", "Kurang dari 250M") -> Kurang dari 250M | DJ272: =IF(G272>=250, "Lebih dari 250M", "Kurang dari 250M") -> Kurang dari 250M | DK272: =IF(H272>=250, "Lebih dari 250M", "Kurang dari 250M") -> Kurang dari 250M | DL272: =IF(I272>=250, "Lebih dari 250M", "Kurang dari 250M") -> Kurang dari 250M | DM272: =IF(J272>=250, "Lebih dari 250M", "Kurang dari 250M") -> Kurang dari 250M | ... EM272: =IF(AJ272>=250, "Lebih dari 250M", "Kurang dari 250M") -> Kurang dari 250M
A273: Perikanan Tangkap PUD (Perairan Umum Daratan, Milyar) | B273: BARBUS ; PUD | C273: =INDEX('raw-all-komoditas'!$B$3:$ZY$37, MATCH('Komoditas besar Nasional'!C$2,'raw-all-komoditas'!$B$3:$B$37,0), MATCH('Komoditas besar Nasional'!$B273,'raw-all-komoditas'!$B$3:$ZY$3,0)) -> 0.31625 | D273: =INDEX('raw-all-komoditas'!$B$3:$ZY$37, MATCH('Komoditas besar Nasional'!D$2,'raw-all-komoditas'!$B$3:$B$37,0), MATCH('Komoditas besar Nasional'!$B273,'raw-all-komoditas'!$B$3:$ZY$3,0)) -> 8.616865 | E273: =INDEX('raw-all-komoditas'!$B$3:$ZY$37, MATCH('Komoditas besar Nasional'!E$2,'raw-all-komoditas'!$B$3:$B$37,0), MATCH('Komoditas besar Nasional'!$B273,'raw-all-komoditas'!$B$3:$ZY$3,0)) -> 1.88256 | F273: =INDEX('raw-all-komoditas'!$B$3:$ZY$37, MATCH('Komoditas besar Nasional'!F$2,'raw-all-komoditas'!$B$3:$B$37,0), MATCH('Komoditas besar Nasional'!$B273,'raw-all-komoditas'!$B$3:$ZY$3,0)) -> 50.8926 | G273: =INDEX('raw-all-komoditas'!$B$3:$ZY$37, MATCH('Komoditas besar Nasional'!G$2,'raw-all-komoditas'!$B$3:$B$37,0), MATCH('Komoditas besar Nasional'!$B273,'raw-all-komoditas'!$B$3:$ZY$3,0)) -> 9.85881 | H273: =INDEX('raw-all-komoditas'!$B$3:$ZY$37, MATCH('Komoditas besar Nasional'!H$2,'raw-all-komoditas'!$B$3:$B$37,0), MATCH('Komoditas besar Nasional'!$B273,'raw-all-komoditas'!$B$3:$ZY$3,0)) -> 98.470038 | I273: =INDEX('raw-all-komoditas'!$B$3:$ZY$37, MATCH('Komoditas besar Nasional'!I$2,'raw-all-komoditas'!$B$3:$B$37,0), MATCH('Komoditas besar Nasional'!$B273,'raw-all-komoditas'!$B$3:$ZY$3,0)) -> 0 | J273: =INDEX('raw-all-komoditas'!$B$3:$ZY$37, MATCH('Komoditas besar Nasional'!J$2,'raw-all-komoditas'!$B$3:$B$37,0), MATCH('Komoditas besar Nasional'!$B273,'raw-all-komoditas'!$B$3:$ZY$3,0)) -> 0 | ... AJ273: =INDEX('raw-all-komoditas'!$B$3:$ZY$37, MATCH('Komoditas besar Nasional'!AJ$2,'raw-all-komoditas'!$B$3:$B$37,0), MATCH('Komoditas besar Nasional'!$B273,'raw-all-komoditas'!$B$3:$ZY$3,0)) -> 0 | AL273: =INDEX('rank provinsi to commodity'!$B$3:$ZX$37, MATCH(AL$2,'rank provinsi to commodity'!$B$3:$B$37,0),MATCH($B273,'rank provinsi to commodity'!$B$3:$ZX$3,0)) -> 16 | AM273: =INDEX('rank provinsi to commodity'!$B$3:$ZX$37, MATCH(AM$2,'rank provinsi to commodity'!$B$3:$B$37,0),MATCH($B273,'rank provinsi to commodity'!$B$3:$ZX$3,0)) -> 6 | AN273: =INDEX('rank provinsi to commodity'!$B$3:$ZX$37, MATCH(AN$2,'rank provinsi to commodity'!$B$3:$B$37,0),MATCH($B273,'rank provinsi to commodity'!$B$3:$ZX$3,0)) -> 11 | AO273: =INDEX('rank provinsi to commodity'!$B$3:$ZX$37, MATCH(AO$2,'rank provinsi to commodity'!$B$3:$B$37,0),MATCH($B273,'rank provinsi to commodity'!$B$3:$ZX$3,0)) -> 3 | AP273: =INDEX('rank provinsi to commodity'!$B$3:$ZX$37, MATCH(AP$2,'rank provinsi to commodity'!$B$3:$B$37,0),MATCH($B273,'rank provinsi to commodity'!$B$3:$ZX$3,0)) -> 5 | AQ273: =INDEX('rank provinsi to commodity'!$B$3:$ZX$37, MATCH(AQ$2,'rank provinsi to commodity'!$B$3:$B$37,0),MATCH($B273,'rank provinsi to commodity'!$B$3:$ZX$3,0)) -> 1 | AR273: =INDEX('rank provinsi to commodity'!$B$3:$ZX$37, MATCH(AR$2,'rank provinsi to commodity'!$B$3:$B$37,0),MATCH($B273,'rank provinsi to commodity'!$B$3:$ZX$3,0)) -> 18 | AS273: =INDEX('rank provinsi to commodity'!$B$3:$ZX$37, MATCH(AS$2,'rank provinsi to commodity'!$B$3:$B$37,0),MATCH($B273,'rank provinsi to commodity'!$B$3:$ZX$3,0)) -> 18 | ... BS273: =INDEX('rank provinsi to commodity'!$B$3:$ZX$37, MATCH(BS$2,'rank provinsi to commodity'!$B$3:$B$37,0),MATCH($B273,'rank provinsi to commodity'!$B$3:$ZX$3,0)) -> 18 | BU273: =BU272 -> Perikanan Tangkap PUD (Perairan Umum Daratan, Ton) | BV273: BARBUS (Ton) - PUD | BW273: =INDEX('raw-all-komoditas'!$B$3:$ZY$37, MATCH('Komoditas besar Nasional'!BW$2,'raw-all-komoditas'!$B$3:$B$37,0), MATCH('Komoditas besar Nasional'!$BV273,'raw-all-komoditas'!$B$3:$ZY$3,0)) -> 7 | BX273: =INDEX('raw-all-komoditas'!$B$3:$ZY$37, MATCH('Komoditas besar Nasional'!BX$2,'raw-all-komoditas'!$B$3:$B$37,0), MATCH('Komoditas besar Nasional'!$BV273,'raw-all-komoditas'!$B$3:$ZY$3,0)) -> 227 | BY273: =INDEX('raw-all-komoditas'!$B$3:$ZY$37, MATCH('Komoditas besar Nasional'!BY$2,'raw-all-komoditas'!$B$3:$B$37,0), MATCH('Komoditas besar Nasional'!$BV273,'raw-all-komoditas'!$B$3:$ZY$3,0)) -> 126 | BZ273: =INDEX('raw-all-komoditas'!$B$3:$ZY$37, MATCH('Komoditas besar Nasional'!BZ$2,'raw-all-komoditas'!$B$3:$B$37,0), MATCH('Komoditas besar Nasional'!$BV273,'raw-all-komoditas'!$B$3:$ZY$3,0)) -> 1511 | CA273: =INDEX('raw-all-komoditas'!$B$3:$ZY$37, MATCH('Komoditas besar Nasional'!CA$2,'raw-all-komoditas'!$B$3:$B$37,0), MATCH('Komoditas besar Nasional'!$BV273,'raw-all-komoditas'!$B$3:$ZY$3,0)) -> 402 | CB273: =INDEX('raw-all-komoditas'!$B$3:$ZY$37, MATCH('Komoditas besar Nasional'!CB$2,'raw-all-komoditas'!$B$3:$B$37,0), MATCH('Komoditas besar Nasional'!$BV273,'raw-all-komoditas'!$B$3:$ZY$3,0)) -> 3533 | CC273: =INDEX('raw-all-komoditas'!$B$3:$ZY$37, MATCH('Komoditas besar Nasional'!CC$2,'raw-all-komoditas'!$B$3:$B$37,0), MATCH('Komoditas besar Nasional'!$BV273,'raw-all-komoditas'!$B$3:$ZY$3,0)) -> 0 | CD273: =INDEX('raw-all-komoditas'!$B$3:$ZY$37, MATCH('Komoditas besar Nasional'!CD$2,'raw-all-komoditas'!$B$3:$B$37,0), MATCH('Komoditas besar Nasional'!$BV273,'raw-all-komoditas'!$B$3:$ZY$3,0)) -> 0 | ... DD273: =INDEX('raw-all-komoditas'!$B$3:$ZY$37, MATCH('Komoditas besar Nasional'!DD$2,'raw-all-komoditas'!$B$3:$B$37,0), MATCH('Komoditas besar Nasional'!$BV273,'raw-all-komoditas'!$B$3:$ZY$3,0)) -> 0 | DF273: =IF(C273>=250, "Lebih dari 250M", "Kurang dari 250M") -> Kurang dari 250M | DG273: =IF(D273>=250, "Lebih dari 250M", "Kurang dari 250M") -> Kurang dari 250M | DH273: =IF(E273>=250, "Lebih dari 250M", "Kurang dari 250M") -> Kurang dari 250M | DI273: =IF(F273>=250, "Lebih dari 250M", "Kurang dari 250M") -> Kurang dari 250M | DJ273: =IF(G273>=250, "Lebih dari 250M", "Kurang dari 250M") -> Kurang dari 250M | DK273: =IF(H273>=250, "Lebih dari 250M", "Kurang dari 250M") -> Kurang dari 250M | DL273: =IF(I273>=250, "Lebih dari 250M", "Kurang dari 250M") -> Kurang dari 250M | DM273: =IF(J273>=250, "Lebih dari 250M", "Kurang dari 250M") -> Kurang dari 250M | ... EM273: =IF(AJ273>=250, "Lebih dari 250M", "Kurang dari 250M") -> Kurang dari 250M
A274: Perikanan Tangkap PUD (Perairan Umum Daratan, Milyar) | B274: BARONANG ; PUD | C274: =INDEX('raw-all-komoditas'!$B$3:$ZY$37, MATCH('Komoditas besar Nasional'!C$2,'raw-all-komoditas'!$B$3:$B$37,0), MATCH('Komoditas besar Nasional'!$B274,'raw-all-komoditas'!$B$3:$ZY$3,0)) -> 0 | D274: =INDEX('raw-all-komoditas'!$B$3:$ZY$37, MATCH('Komoditas besar Nasional'!D$2,'raw-all-komoditas'!$B$3:$B$37,0), MATCH('Komoditas besar Nasional'!$B274,'raw-all-komoditas'!$B$3:$ZY$3,0)) -> 0 | E274: =INDEX('raw-all-komoditas'!$B$3:$ZY$37, MATCH('Komoditas besar Nasional'!E$2,'raw-all-komoditas'!$B$3:$B$37,0), MATCH('Komoditas besar Nasional'!$B274,'raw-all-komoditas'!$B$3:$ZY$3,0)) -> 0 | F274: =INDEX('raw-all-komoditas'!$B$3:$ZY$37, MATCH('Komoditas besar Nasional'!F$2,'raw-all-komoditas'!$B$3:$B$37,0), MATCH('Komoditas besar Nasional'!$B274,'raw-all-komoditas'!$B$3:$ZY$3,0)) -> 0 | G274: =INDEX('raw-all-komoditas'!$B$3:$ZY$37, MATCH('Komoditas besar Nasional'!G$2,'raw-all-komoditas'!$B$3:$B$37,0), MATCH('Komoditas besar Nasional'!$B274,'raw-all-komoditas'!$B$3:$ZY$3,0)) -> 0 | H274: =INDEX('raw-all-komoditas'!$B$3:$ZY$37, MATCH('Komoditas besar Nasional'!H$2,'raw-all-komoditas'!$B$3:$B$37,0), MATCH('Komoditas besar Nasional'!$B274,'raw-all-komoditas'!$B$3:$ZY$3,0)) -> 0 | I274: =INDEX('raw-all-komoditas'!$B$3:$ZY$37, MATCH('Komoditas besar Nasional'!I$2,'raw-all-komoditas'!$B$3:$B$37,0), MATCH('Komoditas besar Nasional'!$B274,'raw-all-komoditas'!$B$3:$ZY$3,0)) -> 0 | J274: =INDEX('raw-all-komoditas'!$B$3:$ZY$37, MATCH('Komoditas besar Nasional'!J$2,'raw-all-komoditas'!$B$3:$B$37,0), MATCH('Komoditas besar Nasional'!$B274,'raw-all-komoditas'!$B$3:$ZY$3,0)) -> 0 | ... AJ274: =INDEX('raw-all-komoditas'!$B$3:$ZY$37, MATCH('Komoditas besar Nasional'!AJ$2,'raw-all-komoditas'!$B$3:$B$37,0), MATCH('Komoditas besar Nasional'!$B274,'raw-all-komoditas'!$B$3:$ZY$3,0)) -> 0 | AL274: =INDEX('rank provinsi to commodity'!$B$3:$ZX$37, MATCH(AL$2,'rank provinsi to commodity'!$B$3:$B$37,0),MATCH($B274,'rank provinsi to commodity'!$B$3:$ZX$3,0)) -> 3 | AM274: =INDEX('rank provinsi to commodity'!$B$3:$ZX$37, MATCH(AM$2,'rank provinsi to commodity'!$B$3:$B$37,0),MATCH($B274,'rank provinsi to commodity'!$B$3:$ZX$3,0)) -> 3 | AN274: =INDEX('rank provinsi to commodity'!$B$3:$ZX$37, MATCH(AN$2,'rank provinsi to commodity'!$B$3:$B$37,0),MATCH($B274,'rank provinsi to commodity'!$B$3:$ZX$3,0)) -> 3 | AO274: =INDEX('rank provinsi to commodity'!$B$3:$ZX$37, MATCH(AO$2,'rank provinsi to commodity'!$B$3:$B$37,0),MATCH($B274,'rank provinsi to commodity'!$B$3:$ZX$3,0)) -> 3 | AP274: =INDEX('rank provinsi to commodity'!$B$3:$ZX$37, MATCH(AP$2,'rank provinsi to commodity'!$B$3:$B$37,0),MATCH($B274,'rank provinsi to commodity'!$B$3:$ZX$3,0)) -> 3 | AQ274: =INDEX('rank provinsi to commodity'!$B$3:$ZX$37, MATCH(AQ$2,'rank provinsi to commodity'!$B$3:$B$37,0),MATCH($B274,'rank provinsi to commodity'!$B$3:$ZX$3,0)) -> 3 | AR274: =INDEX('rank provinsi to commodity'!$B$3:$ZX$37, MATCH(AR$2,'rank provinsi to commodity'!$B$3:$B$37,0),MATCH($B274,'rank provinsi to commodity'!$B$3:$ZX$3,0)) -> 3 | AS274: =INDEX('rank provinsi to commodity'!$B$3:$ZX$37, MATCH(AS$2,'rank provinsi to commodity'!$B$3:$B$37,0),MATCH($B274,'rank provinsi to commodity'!$B$3:$ZX$3,0)) -> 3 | ... BS274: =INDEX('rank provinsi to commodity'!$B$3:$ZX$37, MATCH(BS$2,'rank provinsi to commodity'!$B$3:$B$37,0),MATCH($B274,'rank provinsi to commodity'!$B$3:$ZX$3,0)) -> 3 | BU274: =BU273 -> Perikanan Tangkap PUD (Perairan Umum Daratan, Ton) | BV274: BARONANG (Ton) - PUD | BW274: =INDEX('raw-all-komoditas'!$B$3:$ZY$37, MATCH('Komoditas besar Nasional'!BW$2,'raw-all-komoditas'!$B$3:$B$37,0), MATCH('Komoditas besar Nasional'!$BV274,'raw-all-komoditas'!$B$3:$ZY$3,0)) -> 0 | BX274: =INDEX('raw-all-komoditas'!$B$3:$ZY$37, MATCH('Komoditas besar Nasional'!BX$2,'raw-all-komoditas'!$B$3:$B$37,0), MATCH('Komoditas besar Nasional'!$BV274,'raw-all-komoditas'!$B$3:$ZY$3,0)) -> 0 | BY274: =INDEX('raw-all-komoditas'!$B$3:$ZY$37, MATCH('Komoditas besar Nasional'!BY$2,'raw-all-komoditas'!$B$3:$B$37,0), MATCH('Komoditas besar Nasional'!$BV274,'raw-all-komoditas'!$B$3:$ZY$3,0)) -> 0 | BZ274: =INDEX('raw-all-komoditas'!$B$3:$ZY$37, MATCH('Komoditas besar Nasional'!BZ$2,'raw-all-komoditas'!$B$3:$B$37,0), MATCH('Komoditas besar Nasional'!$BV274,'raw-all-komoditas'!$B$3:$ZY$3,0)) -> 0 | CA274: =INDEX('raw-all-komoditas'!$B$3:$ZY$37, MATCH('Komoditas besar Nasional'!CA$2,'raw-all-komoditas'!$B$3:$B$37,0), MATCH('Komoditas besar Nasional'!$BV274,'raw-all-komoditas'!$B$3:$ZY$3,0)) -> 0 | CB274: =INDEX('raw-all-komoditas'!$B$3:$ZY$37, MATCH('Komoditas besar Nasional'!CB$2,'raw-all-komoditas'!$B$3:$B$37,0), MATCH('Komoditas besar Nasional'!$BV274,'raw-all-komoditas'!$B$3:$ZY$3,0)) -> 0 | CC274: =INDEX('raw-all-komoditas'!$B$3:$ZY$37, MATCH('Komoditas besar Nasional'!CC$2,'raw-all-komoditas'!$B$3:$B$37,0), MATCH('Komoditas besar Nasional'!$BV274,'raw-all-komoditas'!$B$3:$ZY$3,0)) -> 0 | CD274: =INDEX('raw-all-komoditas'!$B$3:$ZY$37, MATCH('Komoditas besar Nasional'!CD$2,'raw-all-komoditas'!$B$3:$B$37,0), MATCH('Komoditas besar Nasional'!$BV274,'raw-all-komoditas'!$B$3:$ZY$3,0)) -> 0 | ... DD274: =INDEX('raw-all-komoditas'!$B$3:$ZY$37, MATCH('Komoditas besar Nasional'!DD$2,'raw-all-komoditas'!$B$3:$B$37,0), MATCH('Komoditas besar Nasional'!$BV274,'raw-all-komoditas'!$B$3:$ZY$3,0)) -> 0 | DF274: =IF(C274>=250, "Lebih dari 250M", "Kurang dari 250M") -> Kurang dari 250M | DG274: =IF(D274>=250, "Lebih dari 250M", "Kurang dari 250M") -> Kurang dari 250M | DH274: =IF(E274>=250, "Lebih dari 250M", "Kurang dari 250M") -> Kurang dari 250M | DI274: =IF(F274>=250, "Lebih dari 250M", "Kurang dari 250M") -> Kurang dari 250M | DJ274: =IF(G274>=250, "Lebih dari 250M", "Kurang dari 250M") -> Kurang dari 250M | DK274: =IF(H274>=250, "Lebih dari 250M", "Kurang dari 250M") -> Kurang dari 250M | DL274: =IF(I274>=250, "Lebih dari 250M", "Kurang dari 250M") -> Kurang dari 250M | DM274: =IF(J274>=250, "Lebih dari 250M", "Kurang dari 250M") -> Kurang dari 250M | ... EM274: =IF(AJ274>=250, "Lebih dari 250M", "Kurang dari 250M") -> Kurang dari 250M
A275: Perikanan Tangkap PUD (Perairan Umum Daratan, Milyar) | B275: BAUNG ; PUD | C275: =INDEX('raw-all-komoditas'!$B$3:$ZY$37, MATCH('Komoditas besar Nasional'!C$2,'raw-all-komoditas'!$B$3:$B$37,0), MATCH('Komoditas besar Nasional'!$B275,'raw-all-komoditas'!$B$3:$ZY$3,0)) -> 3.493264 | D275: =INDEX('raw-all-komoditas'!$B$3:$ZY$37, MATCH('Komoditas besar Nasional'!D$2,'raw-all-komoditas'!$B$3:$B$37,0), MATCH('Komoditas besar Nasional'!$B275,'raw-all-komoditas'!$B$3:$ZY$3,0)) -> 13.975446 | E275: =INDEX('raw-all-komoditas'!$B$3:$ZY$37, MATCH('Komoditas besar Nasional'!E$2,'raw-all-komoditas'!$B$3:$B$37,0), MATCH('Komoditas besar Nasional'!$B275,'raw-all-komoditas'!$B$3:$ZY$3,0)) -> 43.883815 | F275: =INDEX('raw-all-komoditas'!$B$3:$ZY$37, MATCH('Komoditas besar Nasional'!F$2,'raw-all-komoditas'!$B$3:$B$37,0), MATCH('Komoditas besar Nasional'!$B275,'raw-all-komoditas'!$B$3:$ZY$3,0)) -> 207.15275 | G275: =INDEX('raw-all-komoditas'!$B$3:$ZY$37, MATCH('Komoditas besar Nasional'!G$2,'raw-all-komoditas'!$B$3:$B$37,0), MATCH('Komoditas besar Nasional'!$B275,'raw-all-komoditas'!$B$3:$ZY$3,0)) -> 22.979956 | H275: =INDEX('raw-all-komoditas'!$B$3:$ZY$37, MATCH('Komoditas besar Nasional'!H$2,'raw-all-komoditas'!$B$3:$B$37,0), MATCH('Komoditas besar Nasional'!$B275,'raw-all-komoditas'!$B$3:$ZY$3,0)) -> 506.21109 | I275: =INDEX('raw-all-komoditas'!$B$3:$ZY$37, MATCH('Komoditas besar Nasional'!I$2,'raw-all-komoditas'!$B$3:$B$37,0), MATCH('Komoditas besar Nasional'!$B275,'raw-all-komoditas'!$B$3:$ZY$3,0)) -> 3.34298 | J275: =INDEX('raw-all-komoditas'!$B$3:$ZY$37, MATCH('Komoditas besar Nasional'!J$2,'raw-all-komoditas'!$B$3:$B$37,0), MATCH('Komoditas besar Nasional'!$B275,'raw-all-komoditas'!$B$3:$ZY$3,0)) -> 44.37771 | ... AJ275: =INDEX('raw-all-komoditas'!$B$3:$ZY$37, MATCH('Komoditas besar Nasional'!AJ$2,'raw-all-komoditas'!$B$3:$B$37,0), MATCH('Komoditas besar Nasional'!$B275,'raw-all-komoditas'!$B$3:$ZY$3,0)) -> 0.026066 | AL275: =INDEX('rank provinsi to commodity'!$B$3:$ZX$37, MATCH(AL$2,'rank provinsi to commodity'!$B$3:$B$37,0),MATCH($B275,'rank provinsi to commodity'!$B$3:$ZX$3,0)) -> 12 | AM275: =INDEX('rank provinsi to commodity'!$B$3:$ZX$37, MATCH(AM$2,'rank provinsi to commodity'!$B$3:$B$37,0),MATCH($B275,'rank provinsi to commodity'!$B$3:$ZX$3,0)) -> 10 | AN275: =INDEX('rank provinsi to commodity'!$B$3:$ZX$37, MATCH(AN$2,'rank provinsi to commodity'!$B$3:$B$37,0),MATCH($B275,'rank provinsi to commodity'!$B$3:$ZX$3,0)) -> 8 | AO275: =INDEX('rank provinsi to commodity'!$B$3:$ZX$37, MATCH(AO$2,'rank provinsi to commodity'!$B$3:$B$37,0),MATCH($B275,'rank provinsi to commodity'!$B$3:$ZX$3,0)) -> 3 | AP275: =INDEX('rank provinsi to commodity'!$B$3:$ZX$37, MATCH(AP$2,'rank provinsi to commodity'!$B$3:$B$37,0),MATCH($B275,'rank provinsi to commodity'!$B$3:$ZX$3,0)) -> 9 | AQ275: =INDEX('rank provinsi to commodity'!$B$3:$ZX$37, MATCH(AQ$2,'rank provinsi to commodity'!$B$3:$B$37,0),MATCH($B275,'rank provinsi to commodity'!$B$3:$ZX$3,0)) -> 1 | AR275: =INDEX('rank provinsi to commodity'!$B$3:$ZX$37, MATCH(AR$2,'rank provinsi to commodity'!$B$3:$B$37,0),MATCH($B275,'rank provinsi to commodity'!$B$3:$ZX$3,0)) -> 14 | AS275: =INDEX('rank provinsi to commodity'!$B$3:$ZX$37, MATCH(AS$2,'rank provinsi to commodity'!$B$3:$B$37,0),MATCH($B275,'rank provinsi to commodity'!$B$3:$ZX$3,0)) -> 7 | ... BS275: =INDEX('rank provinsi to commodity'!$B$3:$ZX$37, MATCH(BS$2,'rank provinsi to commodity'!$B$3:$B$37,0),MATCH($B275,'rank provinsi to commodity'!$B$3:$ZX$3,0)) -> 19 | BU275: =BU274 -> Perikanan Tangkap PUD (Perairan Umum Daratan, Ton) | BV275: BAUNG (Ton) - PUD | BW275: =INDEX('raw-all-komoditas'!$B$3:$ZY$37, MATCH('Komoditas besar Nasional'!BW$2,'raw-all-komoditas'!$B$3:$B$37,0), MATCH('Komoditas besar Nasional'!$BV275,'raw-all-komoditas'!$B$3:$ZY$3,0)) -> 58 | BX275: =INDEX('raw-all-komoditas'!$B$3:$ZY$37, MATCH('Komoditas besar Nasional'!BX$2,'raw-all-komoditas'!$B$3:$B$37,0), MATCH('Komoditas besar Nasional'!$BV275,'raw-all-komoditas'!$B$3:$ZY$3,0)) -> 369 | BY275: =INDEX('raw-all-komoditas'!$B$3:$ZY$37, MATCH('Komoditas besar Nasional'!BY$2,'raw-all-komoditas'!$B$3:$B$37,0), MATCH('Komoditas besar Nasional'!$BV275,'raw-all-komoditas'!$B$3:$ZY$3,0)) -> 920 | BZ275: =INDEX('raw-all-komoditas'!$B$3:$ZY$37, MATCH('Komoditas besar Nasional'!BZ$2,'raw-all-komoditas'!$B$3:$B$37,0), MATCH('Komoditas besar Nasional'!$BV275,'raw-all-komoditas'!$B$3:$ZY$3,0)) -> 3767 | CA275: =INDEX('raw-all-komoditas'!$B$3:$ZY$37, MATCH('Komoditas besar Nasional'!CA$2,'raw-all-komoditas'!$B$3:$B$37,0), MATCH('Komoditas besar Nasional'!$BV275,'raw-all-komoditas'!$B$3:$ZY$3,0)) -> 492 | CB275: =INDEX('raw-all-komoditas'!$B$3:$ZY$37, MATCH('Komoditas besar Nasional'!CB$2,'raw-all-komoditas'!$B$3:$B$37,0), MATCH('Komoditas besar Nasional'!$BV275,'raw-all-komoditas'!$B$3:$ZY$3,0)) -> 6736 | CC275: =INDEX('raw-all-komoditas'!$B$3:$ZY$37, MATCH('Komoditas besar Nasional'!CC$2,'raw-all-komoditas'!$B$3:$B$37,0), MATCH('Komoditas besar Nasional'!$BV275,'raw-all-komoditas'!$B$3:$ZY$3,0)) -> 88 | CD275: =INDEX('raw-all-komoditas'!$B$3:$ZY$37, MATCH('Komoditas besar Nasional'!CD$2,'raw-all-komoditas'!$B$3:$B$37,0), MATCH('Komoditas besar Nasional'!$BV275,'raw-all-komoditas'!$B$3:$ZY$3,0)) -> 891 | ... DD275: =INDEX('raw-all-komoditas'!$B$3:$ZY$37, MATCH('Komoditas besar Nasional'!DD$2,'raw-all-komoditas'!$B$3:$B$37,0), MATCH('Komoditas besar Nasional'!$BV275,'raw-all-komoditas'!$B$3:$ZY$3,0)) -> 1 | DF275: =IF(C275>=250, "Lebih dari 250M", "Kurang dari 250M") -> Kurang dari 250M | DG275: =IF(D275>=250, "Lebih dari 250M", "Kurang dari 250M") -> Kurang dari 250M | DH275: =IF(E275>=250, "Lebih dari 250M", "Kurang dari 250M") -> Kurang dari 250M | DI275: =IF(F275>=250, "Lebih dari 250M", "Kurang dari 250M") -> Kurang dari 250M | DJ275: =IF(G275>=250, "Lebih dari 250M", "Kurang dari 250M") -> Kurang dari 250M | DK275: =IF(H275>=250, "Lebih dari 250M", "Kurang dari 250M") -> Lebih dari 250M | DL275: =IF(I275>=250, "Lebih dari 250M", "Kurang dari 250M") -> Kurang dari 250M | DM275: =IF(J275>=250, "Lebih dari 250M", "Kurang dari 250M") -> Kurang dari 250M | ... EM275: =IF(AJ275>=250, "Lebih dari 250M", "Kurang dari 250M") -> Kurang dari 250M
A276: Perikanan Tangkap PUD (Perairan Umum Daratan, Milyar) | B276: BAWAL ; PUD | C276: =INDEX('raw-all-komoditas'!$B$3:$ZY$37, MATCH('Komoditas besar Nasional'!C$2,'raw-all-komoditas'!$B$3:$B$37,0), MATCH('Komoditas besar Nasional'!$B276,'raw-all-komoditas'!$B$3:$ZY$3,0)) -> 0 | D276: =INDEX('raw-all-komoditas'!$B$3:$ZY$37, MATCH('Komoditas besar Nasional'!D$2,'raw-all-komoditas'!$B$3:$B$37,0), MATCH('Komoditas besar Nasional'!$B276,'raw-all-komoditas'!$B$3:$ZY$3,0)) -> 0 | E276: =INDEX('raw-all-komoditas'!$B$3:$ZY$37, MATCH('Komoditas besar Nasional'!E$2,'raw-all-komoditas'!$B$3:$B$37,0), MATCH('Komoditas besar Nasional'!$B276,'raw-all-komoditas'!$B$3:$ZY$3,0)) -> 0 | F276: =INDEX('raw-all-komoditas'!$B$3:$ZY$37, MATCH('Komoditas besar Nasional'!F$2,'raw-all-komoditas'!$B$3:$B$37,0), MATCH('Komoditas besar Nasional'!$B276,'raw-all-komoditas'!$B$3:$ZY$3,0)) -> 1.81332 | G276: =INDEX('raw-all-komoditas'!$B$3:$ZY$37, MATCH('Komoditas besar Nasional'!G$2,'raw-all-komoditas'!$B$3:$B$37,0), MATCH('Komoditas besar Nasional'!$B276,'raw-all-komoditas'!$B$3:$ZY$3,0)) -> 0 | H276: =INDEX('raw-all-komoditas'!$B$3:$ZY$37, MATCH('Komoditas besar Nasional'!H$2,'raw-all-komoditas'!$B$3:$B$37,0), MATCH('Komoditas besar Nasional'!$B276,'raw-all-komoditas'!$B$3:$ZY$3,0)) -> 0.876596 | I276: =INDEX('raw-all-komoditas'!$B$3:$ZY$37, MATCH('Komoditas besar Nasional'!I$2,'raw-all-komoditas'!$B$3:$B$37,0), MATCH('Komoditas besar Nasional'!$B276,'raw-all-komoditas'!$B$3:$ZY$3,0)) -> 0 | J276: =INDEX('raw-all-komoditas'!$B$3:$ZY$37, MATCH('Komoditas besar Nasional'!J$2,'raw-all-komoditas'!$B$3:$B$37,0), MATCH('Komoditas besar Nasional'!$B276,'raw-all-komoditas'!$B$3:$ZY$3,0)) -> 0 | ... AJ276: =INDEX('raw-all-komoditas'!$B$3:$ZY$37, MATCH('Komoditas besar Nasional'!AJ$2,'raw-all-komoditas'!$B$3:$B$37,0), MATCH('Komoditas besar Nasional'!$B276,'raw-all-komoditas'!$B$3:$ZY$3,0)) -> 0.01121 | AL276: =INDEX('rank provinsi to commodity'!$B$3:$ZX$37, MATCH(AL$2,'rank provinsi to commodity'!$B$3:$B$37,0),MATCH($B276,'rank provinsi to commodity'!$B$3:$ZX$3,0)) -> 10 | AM276: =INDEX('rank provinsi to commodity'!$B$3:$ZX$37, MATCH(AM$2,'rank provinsi to commodity'!$B$3:$B$37,0),MATCH($B276,'rank provinsi to commodity'!$B$3:$ZX$3,0)) -> 10 | AN276: =INDEX('rank provinsi to commodity'!$B$3:$ZX$37, MATCH(AN$2,'rank provinsi to commodity'!$B$3:$B$37,0),MATCH($B276,'rank provinsi to commodity'!$B$3:$ZX$3,0)) -> 10 | AO276: =INDEX('rank provinsi to commodity'!$B$3:$ZX$37, MATCH(AO$2,'rank provinsi to commodity'!$B$3:$B$37,0),MATCH($B276,'rank provinsi to commodity'!$B$3:$ZX$3,0)) -> 2 | AP276: =INDEX('rank provinsi to commodity'!$B$3:$ZX$37, MATCH(AP$2,'rank provinsi to commodity'!$B$3:$B$37,0),MATCH($B276,'rank provinsi to commodity'!$B$3:$ZX$3,0)) -> 10 | AQ276: =INDEX('rank provinsi to commodity'!$B$3:$ZX$37, MATCH(AQ$2,'rank provinsi to commodity'!$B$3:$B$37,0),MATCH($B276,'rank provinsi to commodity'!$B$3:$ZX$3,0)) -> 3 | AR276: =INDEX('rank provinsi to commodity'!$B$3:$ZX$37, MATCH(AR$2,'rank provinsi to commodity'!$B$3:$B$37,0),MATCH($B276,'rank provinsi to commodity'!$B$3:$ZX$3,0)) -> 10 | AS276: =INDEX('rank provinsi to commodity'!$B$3:$ZX$37, MATCH(AS$2,'rank provinsi to commodity'!$B$3:$B$37,0),MATCH($B276,'rank provinsi to commodity'!$B$3:$ZX$3,0)) -> 10 | ... BS276: =INDEX('rank provinsi to commodity'!$B$3:$ZX$37, MATCH(BS$2,'rank provinsi to commodity'!$B$3:$B$37,0),MATCH($B276,'rank provinsi to commodity'!$B$3:$ZX$3,0)) -> 9 | BU276: =BU275 -> Perikanan Tangkap PUD (Perairan Umum Daratan, Ton) | BV276: BAWAL (Ton) - PUD | BW276: =INDEX('raw-all-komoditas'!$B$3:$ZY$37, MATCH('Komoditas besar Nasional'!BW$2,'raw-all-komoditas'!$B$3:$B$37,0), MATCH('Komoditas besar Nasional'!$BV276,'raw-all-komoditas'!$B$3:$ZY$3,0)) -> 0 | BX276: =INDEX('raw-all-komoditas'!$B$3:$ZY$37, MATCH('Komoditas besar Nasional'!BX$2,'raw-all-komoditas'!$B$3:$B$37,0), MATCH('Komoditas besar Nasional'!$BV276,'raw-all-komoditas'!$B$3:$ZY$3,0)) -> 0 | BY276: =INDEX('raw-all-komoditas'!$B$3:$ZY$37, MATCH('Komoditas besar Nasional'!BY$2,'raw-all-komoditas'!$B$3:$B$37,0), MATCH('Komoditas besar Nasional'!$BV276,'raw-all-komoditas'!$B$3:$ZY$3,0)) -> 0 | BZ276: =INDEX('raw-all-komoditas'!$B$3:$ZY$37, MATCH('Komoditas besar Nasional'!BZ$2,'raw-all-komoditas'!$B$3:$B$37,0), MATCH('Komoditas besar Nasional'!$BV276,'raw-all-komoditas'!$B$3:$ZY$3,0)) -> 60 | CA276: =INDEX('raw-all-komoditas'!$B$3:$ZY$37, MATCH('Komoditas besar Nasional'!CA$2,'raw-all-komoditas'!$B$3:$B$37,0), MATCH('Komoditas besar Nasional'!$BV276,'raw-all-komoditas'!$B$3:$ZY$3,0)) -> 0 | CB276: =INDEX('raw-all-komoditas'!$B$3:$ZY$37, MATCH('Komoditas besar Nasional'!CB$2,'raw-all-komoditas'!$B$3:$B$37,0), MATCH('Komoditas besar Nasional'!$BV276,'raw-all-komoditas'!$B$3:$ZY$3,0)) -> 31 | CC276: =INDEX('raw-all-komoditas'!$B$3:$ZY$37, MATCH('Komoditas besar Nasional'!CC$2,'raw-all-komoditas'!$B$3:$B$37,0), MATCH('Komoditas besar Nasional'!$BV276,'raw-all-komoditas'!$B$3:$ZY$3,0)) -> 0 | CD276: =INDEX('raw-all-komoditas'!$B$3:$ZY$37, MATCH('Komoditas besar Nasional'!CD$2,'raw-all-komoditas'!$B$3:$B$37,0), MATCH('Komoditas besar Nasional'!$BV276,'raw-all-komoditas'!$B$3:$ZY$3,0)) -> 0 | ... DD276: =INDEX('raw-all-komoditas'!$B$3:$ZY$37, MATCH('Komoditas besar Nasional'!DD$2,'raw-all-komoditas'!$B$3:$B$37,0), MATCH('Komoditas besar Nasional'!$BV276,'raw-all-komoditas'!$B$3:$ZY$3,0)) -> 1 | DF276: =IF(C276>=250, "Lebih dari 250M", "Kurang dari 250M") -> Kurang dari 250M | DG276: =IF(D276>=250, "Lebih dari 250M", "Kurang dari 250M") -> Kurang dari 250M | DH276: =IF(E276>=250, "Lebih dari 250M", "Kurang dari 250M") -> Kurang dari 250M | DI276: =IF(F276>=250, "Lebih dari 250M", "Kurang dari 250M") -> Kurang dari 250M | DJ276: =IF(G276>=250, "Lebih dari 250M", "Kurang dari 250M") -> Kurang dari 250M | DK276: =IF(H276>=250, "Lebih dari 250M", "Kurang dari 250M") -> Kurang dari 250M | DL276: =IF(I276>=250, "Lebih dari 250M", "Kurang dari 250M") -> Kurang dari 250M | DM276: =IF(J276>=250, "Lebih dari 250M", "Kurang dari 250M") -> Kurang dari 250M | ... EM276: =IF(AJ276>=250, "Lebih dari 250M", "Kurang dari 250M") -> Kurang dari 250M
A277: Perikanan Tangkap PUD (Perairan Umum Daratan, Milyar) | B277: BELANAK ; PUD | C277: =INDEX('raw-all-komoditas'!$B$3:$ZY$37, MATCH('Komoditas besar Nasional'!C$2,'raw-all-komoditas'!$B$3:$B$37,0), MATCH('Komoditas besar Nasional'!$B277,'raw-all-komoditas'!$B$3:$ZY$3,0)) -> 40.00878 | D277: =INDEX('raw-all-komoditas'!$B$3:$ZY$37, MATCH('Komoditas besar Nasional'!D$2,'raw-all-komoditas'!$B$3:$B$37,0), MATCH('Komoditas besar Nasional'!$B277,'raw-all-komoditas'!$B$3:$ZY$3,0)) -> 1.77046 | E277: =INDEX('raw-all-komoditas'!$B$3:$ZY$37, MATCH('Komoditas besar Nasional'!E$2,'raw-all-komoditas'!$B$3:$B$37,0), MATCH('Komoditas besar Nasional'!$B277,'raw-all-komoditas'!$B$3:$ZY$3,0)) -> 0 | F277: =INDEX('raw-all-komoditas'!$B$3:$ZY$37, MATCH('Komoditas besar Nasional'!F$2,'raw-all-komoditas'!$B$3:$B$37,0), MATCH('Komoditas besar Nasional'!$B277,'raw-all-komoditas'!$B$3:$ZY$3,0)) -> 18.769888 | G277: =INDEX('raw-all-komoditas'!$B$3:$ZY$37, MATCH('Komoditas besar Nasional'!G$2,'raw-all-komoditas'!$B$3:$B$37,0), MATCH('Komoditas besar Nasional'!$B277,'raw-all-komoditas'!$B$3:$ZY$3,0)) -> 0 | H277: =INDEX('raw-all-komoditas'!$B$3:$ZY$37, MATCH('Komoditas besar Nasional'!H$2,'raw-all-komoditas'!$B$3:$B$37,0), MATCH('Komoditas besar Nasional'!$B277,'raw-all-komoditas'!$B$3:$ZY$3,0)) -> 0 | I277: =INDEX('raw-all-komoditas'!$B$3:$ZY$37, MATCH('Komoditas besar Nasional'!I$2,'raw-all-komoditas'!$B$3:$B$37,0), MATCH('Komoditas besar Nasional'!$B277,'raw-all-komoditas'!$B$3:$ZY$3,0)) -> 0.63884 | J277: =INDEX('raw-all-komoditas'!$B$3:$ZY$37, MATCH('Komoditas besar Nasional'!J$2,'raw-all-komoditas'!$B$3:$B$37,0), MATCH('Komoditas besar Nasional'!$B277,'raw-all-komoditas'!$B$3:$ZY$3,0)) -> 1.922748 | ... AJ277: =INDEX('raw-all-komoditas'!$B$3:$ZY$37, MATCH('Komoditas besar Nasional'!AJ$2,'raw-all-komoditas'!$B$3:$B$37,0), MATCH('Komoditas besar Nasional'!$B277,'raw-all-komoditas'!$B$3:$ZY$3,0)) -> 0 | AL277: =INDEX('rank provinsi to commodity'!$B$3:$ZX$37, MATCH(AL$2,'rank provinsi to commodity'!$B$3:$B$37,0),MATCH($B277,'rank provinsi to commodity'!$B$3:$ZX$3,0)) -> 1 | AM277: =INDEX('rank provinsi to commodity'!$B$3:$ZX$37, MATCH(AM$2,'rank provinsi to commodity'!$B$3:$B$37,0),MATCH($B277,'rank provinsi to commodity'!$B$3:$ZX$3,0)) -> 6 | AN277: =INDEX('rank provinsi to commodity'!$B$3:$ZX$37, MATCH(AN$2,'rank provinsi to commodity'!$B$3:$B$37,0),MATCH($B277,'rank provinsi to commodity'!$B$3:$ZX$3,0)) -> 11 | AO277: =INDEX('rank provinsi to commodity'!$B$3:$ZX$37, MATCH(AO$2,'rank provinsi to commodity'!$B$3:$B$37,0),MATCH($B277,'rank provinsi to commodity'!$B$3:$ZX$3,0)) -> 3 | AP277: =INDEX('rank provinsi to commodity'!$B$3:$ZX$37, MATCH(AP$2,'rank provinsi to commodity'!$B$3:$B$37,0),MATCH($B277,'rank provinsi to commodity'!$B$3:$ZX$3,0)) -> 11 | AQ277: =INDEX('rank provinsi to commodity'!$B$3:$ZX$37, MATCH(AQ$2,'rank provinsi to commodity'!$B$3:$B$37,0),MATCH($B277,'rank provinsi to commodity'!$B$3:$ZX$3,0)) -> 11 | AR277: =INDEX('rank provinsi to commodity'!$B$3:$ZX$37, MATCH(AR$2,'rank provinsi to commodity'!$B$3:$B$37,0),MATCH($B277,'rank provinsi to commodity'!$B$3:$ZX$3,0)) -> 9 | AS277: =INDEX('rank provinsi to commodity'!$B$3:$ZX$37, MATCH(AS$2,'rank provinsi to commodity'!$B$3:$B$37,0),MATCH($B277,'rank provinsi to commodity'!$B$3:$ZX$3,0)) -> 5 | ... BS277: =INDEX('rank provinsi to commodity'!$B$3:$ZX$37, MATCH(BS$2,'rank provinsi to commodity'!$B$3:$B$37,0),MATCH($B277,'rank provinsi to commodity'!$B$3:$ZX$3,0)) -> 11 | BU277: =BU276 -> Perikanan Tangkap PUD (Perairan Umum Daratan, Ton) | BV277: BELANAK (Ton) - PUD | BW277: =INDEX('raw-all-komoditas'!$B$3:$ZY$37, MATCH('Komoditas besar Nasional'!BW$2,'raw-all-komoditas'!$B$3:$B$37,0), MATCH('Komoditas besar Nasional'!$BV277,'raw-all-komoditas'!$B$3:$ZY$3,0)) -> 1605 | BX277: =INDEX('raw-all-komoditas'!$B$3:$ZY$37, MATCH('Komoditas besar Nasional'!BX$2,'raw-all-komoditas'!$B$3:$B$37,0), MATCH('Komoditas besar Nasional'!$BV277,'raw-all-komoditas'!$B$3:$ZY$3,0)) -> 177 | BY277: =INDEX('raw-all-komoditas'!$B$3:$ZY$37, MATCH('Komoditas besar Nasional'!BY$2,'raw-all-komoditas'!$B$3:$B$37,0), MATCH('Komoditas besar Nasional'!$BV277,'raw-all-komoditas'!$B$3:$ZY$3,0)) -> 0 | BZ277: =INDEX('raw-all-komoditas'!$B$3:$ZY$37, MATCH('Komoditas besar Nasional'!BZ$2,'raw-all-komoditas'!$B$3:$B$37,0), MATCH('Komoditas besar Nasional'!$BV277,'raw-all-komoditas'!$B$3:$ZY$3,0)) -> 631 | CA277: =INDEX('raw-all-komoditas'!$B$3:$ZY$37, MATCH('Komoditas besar Nasional'!CA$2,'raw-all-komoditas'!$B$3:$B$37,0), MATCH('Komoditas besar Nasional'!$BV277,'raw-all-komoditas'!$B$3:$ZY$3,0)) -> 0 | CB277: =INDEX('raw-all-komoditas'!$B$3:$ZY$37, MATCH('Komoditas besar Nasional'!CB$2,'raw-all-komoditas'!$B$3:$B$37,0), MATCH('Komoditas besar Nasional'!$BV277,'raw-all-komoditas'!$B$3:$ZY$3,0)) -> 0 | CC277: =INDEX('raw-all-komoditas'!$B$3:$ZY$37, MATCH('Komoditas besar Nasional'!CC$2,'raw-all-komoditas'!$B$3:$B$37,0), MATCH('Komoditas besar Nasional'!$BV277,'raw-all-komoditas'!$B$3:$ZY$3,0)) -> 32 | CD277: =INDEX('raw-all-komoditas'!$B$3:$ZY$37, MATCH('Komoditas besar Nasional'!CD$2,'raw-all-komoditas'!$B$3:$B$37,0), MATCH('Komoditas besar Nasional'!$BV277,'raw-all-komoditas'!$B$3:$ZY$3,0)) -> 101 | ... DD277: =INDEX('raw-all-komoditas'!$B$3:$ZY$37, MATCH('Komoditas besar Nasional'!DD$2,'raw-all-komoditas'!$B$3:$B$37,0), MATCH('Komoditas besar Nasional'!$BV277,'raw-all-komoditas'!$B$3:$ZY$3,0)) -> 0 | DF277: =IF(C277>=250, "Lebih dari 250M", "Kurang dari 250M") -> Kurang dari 250M | DG277: =IF(D277>=250, "Lebih dari 250M", "Kurang dari 250M") -> Kurang dari 250M | DH277: =IF(E277>=250, "Lebih dari 250M", "Kurang dari 250M") -> Kurang dari 250M | DI277: =IF(F277>=250, "Lebih dari 250M", "Kurang dari 250M") -> Kurang dari 250M | DJ277: =IF(G277>=250, "Lebih dari 250M", "Kurang dari 250M") -> Kurang dari 250M | DK277: =IF(H277>=250, "Lebih dari 250M", "Kurang dari 250M") -> Kurang dari 250M | DL277: =IF(I277>=250, "Lebih dari 250M", "Kurang dari 250M") -> Kurang dari 250M | DM277: =IF(J277>=250, "Lebih dari 250M", "Kurang dari 250M") -> Kurang dari 250M | ... EM277: =IF(AJ277>=250, "Lebih dari 250M", "Kurang dari 250M") -> Kurang dari 250M
A278: Perikanan Tangkap PUD (Perairan Umum Daratan, Milyar) | B278: BELIDA ; PUD | C278: =INDEX('raw-all-komoditas'!$B$3:$ZY$37, MATCH('Komoditas besar Nasional'!C$2,'raw-all-komoditas'!$B$3:$B$37,0), MATCH('Komoditas besar Nasional'!$B278,'raw-all-komoditas'!$B$3:$ZY$3,0)) -> 0 | D278: =INDEX('raw-all-komoditas'!$B$3:$ZY$37, MATCH('Komoditas besar Nasional'!D$2,'raw-all-komoditas'!$B$3:$B$37,0), MATCH('Komoditas besar Nasional'!$B278,'raw-all-komoditas'!$B$3:$ZY$3,0)) -> 7.501075 | E278: =INDEX('raw-all-komoditas'!$B$3:$ZY$37, MATCH('Komoditas besar Nasional'!E$2,'raw-all-komoditas'!$B$3:$B$37,0), MATCH('Komoditas besar Nasional'!$B278,'raw-all-komoditas'!$B$3:$ZY$3,0)) -> 15.8525 | F278: =INDEX('raw-all-komoditas'!$B$3:$ZY$37, MATCH('Komoditas besar Nasional'!F$2,'raw-all-komoditas'!$B$3:$B$37,0), MATCH('Komoditas besar Nasional'!$B278,'raw-all-komoditas'!$B$3:$ZY$3,0)) -> 6.619152 | G278: =INDEX('raw-all-komoditas'!$B$3:$ZY$37, MATCH('Komoditas besar Nasional'!G$2,'raw-all-komoditas'!$B$3:$B$37,0), MATCH('Komoditas besar Nasional'!$B278,'raw-all-komoditas'!$B$3:$ZY$3,0)) -> 4.258907 | H278: =INDEX('raw-all-komoditas'!$B$3:$ZY$37, MATCH('Komoditas besar Nasional'!H$2,'raw-all-komoditas'!$B$3:$B$37,0), MATCH('Komoditas besar Nasional'!$B278,'raw-all-komoditas'!$B$3:$ZY$3,0)) -> 9.6525 | I278: =INDEX('raw-all-komoditas'!$B$3:$ZY$37, MATCH('Komoditas besar Nasional'!I$2,'raw-all-komoditas'!$B$3:$B$37,0), MATCH('Komoditas besar Nasional'!$B278,'raw-all-komoditas'!$B$3:$ZY$3,0)) -> 0 | J278: =INDEX('raw-all-komoditas'!$B$3:$ZY$37, MATCH('Komoditas besar Nasional'!J$2,'raw-all-komoditas'!$B$3:$B$37,0), MATCH('Komoditas besar Nasional'!$B278,'raw-all-komoditas'!$B$3:$ZY$3,0)) -> 4.07432 | ... AJ278: =INDEX('raw-all-komoditas'!$B$3:$ZY$37, MATCH('Komoditas besar Nasional'!AJ$2,'raw-all-komoditas'!$B$3:$B$37,0), MATCH('Komoditas besar Nasional'!$B278,'raw-all-komoditas'!$B$3:$ZY$3,0)) -> 0 | AL278: =INDEX('rank provinsi to commodity'!$B$3:$ZX$37, MATCH(AL$2,'rank provinsi to commodity'!$B$3:$B$37,0),MATCH($B278,'rank provinsi to commodity'!$B$3:$ZX$3,0)) -> 14 | AM278: =INDEX('rank provinsi to commodity'!$B$3:$ZX$37, MATCH(AM$2,'rank provinsi to commodity'!$B$3:$B$37,0),MATCH($B278,'rank provinsi to commodity'!$B$3:$ZX$3,0)) -> 6 | AN278: =INDEX('rank provinsi to commodity'!$B$3:$ZX$37, MATCH(AN$2,'rank provinsi to commodity'!$B$3:$B$37,0),MATCH($B278,'rank provinsi to commodity'!$B$3:$ZX$3,0)) -> 2 | AO278: =INDEX('rank provinsi to commodity'!$B$3:$ZX$37, MATCH(AO$2,'rank provinsi to commodity'!$B$3:$B$37,0),MATCH($B278,'rank provinsi to commodity'!$B$3:$ZX$3,0)) -> 7 | AP278: =INDEX('rank provinsi to commodity'!$B$3:$ZX$37, MATCH(AP$2,'rank provinsi to commodity'!$B$3:$B$37,0),MATCH($B278,'rank provinsi to commodity'!$B$3:$ZX$3,0)) -> 8 | AQ278: =INDEX('rank provinsi to commodity'!$B$3:$ZX$37, MATCH(AQ$2,'rank provinsi to commodity'!$B$3:$B$37,0),MATCH($B278,'rank provinsi to commodity'!$B$3:$ZX$3,0)) -> 4 | AR278: =INDEX('rank provinsi to commodity'!$B$3:$ZX$37, MATCH(AR$2,'rank provinsi to commodity'!$B$3:$B$37,0),MATCH($B278,'rank provinsi to commodity'!$B$3:$ZX$3,0)) -> 14 | AS278: =INDEX('rank provinsi to commodity'!$B$3:$ZX$37, MATCH(AS$2,'rank provinsi to commodity'!$B$3:$B$37,0),MATCH($B278,'rank provinsi to commodity'!$B$3:$ZX$3,0)) -> 9 | ... BS278: =INDEX('rank provinsi to commodity'!$B$3:$ZX$37, MATCH(BS$2,'rank provinsi to commodity'!$B$3:$B$37,0),MATCH($B278,'rank provinsi to commodity'!$B$3:$ZX$3,0)) -> 14 | BU278: =BU277 -> Perikanan Tangkap PUD (Perairan Umum Daratan, Ton) | BV278: BELIDA (Ton) - PUD | BW278: =INDEX('raw-all-komoditas'!$B$3:$ZY$37, MATCH('Komoditas besar Nasional'!BW$2,'raw-all-komoditas'!$B$3:$B$37,0), MATCH('Komoditas besar Nasional'!$BV278,'raw-all-komoditas'!$B$3:$ZY$3,0)) -> 0 | BX278: =INDEX('raw-all-komoditas'!$B$3:$ZY$37, MATCH('Komoditas besar Nasional'!BX$2,'raw-all-komoditas'!$B$3:$B$37,0), MATCH('Komoditas besar Nasional'!$BV278,'raw-all-komoditas'!$B$3:$ZY$3,0)) -> 188 | BY278: =INDEX('raw-all-komoditas'!$B$3:$ZY$37, MATCH('Komoditas besar Nasional'!BY$2,'raw-all-komoditas'!$B$3:$B$37,0), MATCH('Komoditas besar Nasional'!$BV278,'raw-all-komoditas'!$B$3:$ZY$3,0)) -> 317 | BZ278: =INDEX('raw-all-komoditas'!$B$3:$ZY$37, MATCH('Komoditas besar Nasional'!BZ$2,'raw-all-komoditas'!$B$3:$B$37,0), MATCH('Komoditas besar Nasional'!$BV278,'raw-all-komoditas'!$B$3:$ZY$3,0)) -> 152 | CA278: =INDEX('raw-all-komoditas'!$B$3:$ZY$37, MATCH('Komoditas besar Nasional'!CA$2,'raw-all-komoditas'!$B$3:$B$37,0), MATCH('Komoditas besar Nasional'!$BV278,'raw-all-komoditas'!$B$3:$ZY$3,0)) -> 95 | CB278: =INDEX('raw-all-komoditas'!$B$3:$ZY$37, MATCH('Komoditas besar Nasional'!CB$2,'raw-all-komoditas'!$B$3:$B$37,0), MATCH('Komoditas besar Nasional'!$BV278,'raw-all-komoditas'!$B$3:$ZY$3,0)) -> 97 | CC278: =INDEX('raw-all-komoditas'!$B$3:$ZY$37, MATCH('Komoditas besar Nasional'!CC$2,'raw-all-komoditas'!$B$3:$B$37,0), MATCH('Komoditas besar Nasional'!$BV278,'raw-all-komoditas'!$B$3:$ZY$3,0)) -> 0 | CD278: =INDEX('raw-all-komoditas'!$B$3:$ZY$37, MATCH('Komoditas besar Nasional'!CD$2,'raw-all-komoditas'!$B$3:$B$37,0), MATCH('Komoditas besar Nasional'!$BV278,'raw-all-komoditas'!$B$3:$ZY$3,0)) -> 51 | ... DD278: =INDEX('raw-all-komoditas'!$B$3:$ZY$37, MATCH('Komoditas besar Nasional'!DD$2,'raw-all-komoditas'!$B$3:$B$37,0), MATCH('Komoditas besar Nasional'!$BV278,'raw-all-komoditas'!$B$3:$ZY$3,0)) -> 0 | DF278: =IF(C278>=250, "Lebih dari 250M", "Kurang dari 250M") -> Kurang dari 250M | DG278: =IF(D278>=250, "Lebih dari 250M", "Kurang dari 250M") -> Kurang dari 250M | DH278: =IF(E278>=250, "Lebih dari 250M", "Kurang dari 250M") -> Kurang dari 250M | DI278: =IF(F278>=250, "Lebih dari 250M", "Kurang dari 250M") -> Kurang dari 250M | DJ278: =IF(G278>=250, "Lebih dari 250M", "Kurang dari 250M") -> Kurang dari 250M | DK278: =IF(H278>=250, "Lebih dari 250M", "Kurang dari 250M") -> Kurang dari 250M | DL278: =IF(I278>=250, "Lebih dari 250M", "Kurang dari 250M") -> Kurang dari 250M | DM278: =IF(J278>=250, "Lebih dari 250M", "Kurang dari 250M") -> Kurang dari 250M | ... EM278: =IF(AJ278>=250, "Lebih dari 250M", "Kurang dari 250M") -> Kurang dari 250M
A279: Perikanan Tangkap PUD (Perairan Umum Daratan, Milyar) | B279: BELUT ; PUD | C279: =INDEX('raw-all-komoditas'!$B$3:$ZY$37, MATCH('Komoditas besar Nasional'!C$2,'raw-all-komoditas'!$B$3:$B$37,0), MATCH('Komoditas besar Nasional'!$B279,'raw-all-komoditas'!$B$3:$ZY$3,0)) -> 0 | D279: =INDEX('raw-all-komoditas'!$B$3:$ZY$37, MATCH('Komoditas besar Nasional'!D$2,'raw-all-komoditas'!$B$3:$B$37,0), MATCH('Komoditas besar Nasional'!$B279,'raw-all-komoditas'!$B$3:$ZY$3,0)) -> 0 | E279: =INDEX('raw-all-komoditas'!$B$3:$ZY$37, MATCH('Komoditas besar Nasional'!E$2,'raw-all-komoditas'!$B$3:$B$37,0), MATCH('Komoditas besar Nasional'!$B279,'raw-all-komoditas'!$B$3:$ZY$3,0)) -> 0 | F279: =INDEX('raw-all-komoditas'!$B$3:$ZY$37, MATCH('Komoditas besar Nasional'!F$2,'raw-all-komoditas'!$B$3:$B$37,0), MATCH('Komoditas besar Nasional'!$B279,'raw-all-komoditas'!$B$3:$ZY$3,0)) -> 0 | G279: =INDEX('raw-all-komoditas'!$B$3:$ZY$37, MATCH('Komoditas besar Nasional'!G$2,'raw-all-komoditas'!$B$3:$B$37,0), MATCH('Komoditas besar Nasional'!$B279,'raw-all-komoditas'!$B$3:$ZY$3,0)) -> 3.386388 | H279: =INDEX('raw-all-komoditas'!$B$3:$ZY$37, MATCH('Komoditas besar Nasional'!H$2,'raw-all-komoditas'!$B$3:$B$37,0), MATCH('Komoditas besar Nasional'!$B279,'raw-all-komoditas'!$B$3:$ZY$3,0)) -> 0 | I279: =INDEX('raw-all-komoditas'!$B$3:$ZY$37, MATCH('Komoditas besar Nasional'!I$2,'raw-all-komoditas'!$B$3:$B$37,0), MATCH('Komoditas besar Nasional'!$B279,'raw-all-komoditas'!$B$3:$ZY$3,0)) -> 0 | J279: =INDEX('raw-all-komoditas'!$B$3:$ZY$37, MATCH('Komoditas besar Nasional'!J$2,'raw-all-komoditas'!$B$3:$B$37,0), MATCH('Komoditas besar Nasional'!$B279,'raw-all-komoditas'!$B$3:$ZY$3,0)) -> 0 | ... AJ279: =INDEX('raw-all-komoditas'!$B$3:$ZY$37, MATCH('Komoditas besar Nasional'!AJ$2,'raw-all-komoditas'!$B$3:$B$37,0), MATCH('Komoditas besar Nasional'!$B279,'raw-all-komoditas'!$B$3:$ZY$3,0)) -> 0 | AL279: =INDEX('rank provinsi to commodity'!$B$3:$ZX$37, MATCH(AL$2,'rank provinsi to commodity'!$B$3:$B$37,0),MATCH($B279,'rank provinsi to commodity'!$B$3:$ZX$3,0)) -> 3 | AM279: =INDEX('rank provinsi to commodity'!$B$3:$ZX$37, MATCH(AM$2,'rank provinsi to commodity'!$B$3:$B$37,0),MATCH($B279,'rank provinsi to commodity'!$B$3:$ZX$3,0)) -> 3 | AN279: =INDEX('rank provinsi to commodity'!$B$3:$ZX$37, MATCH(AN$2,'rank provinsi to commodity'!$B$3:$B$37,0),MATCH($B279,'rank provinsi to commodity'!$B$3:$ZX$3,0)) -> 3 | AO279: =INDEX('rank provinsi to commodity'!$B$3:$ZX$37, MATCH(AO$2,'rank provinsi to commodity'!$B$3:$B$37,0),MATCH($B279,'rank provinsi to commodity'!$B$3:$ZX$3,0)) -> 3 | AP279: =INDEX('rank provinsi to commodity'!$B$3:$ZX$37, MATCH(AP$2,'rank provinsi to commodity'!$B$3:$B$37,0),MATCH($B279,'rank provinsi to commodity'!$B$3:$ZX$3,0)) -> 1 | AQ279: =INDEX('rank provinsi to commodity'!$B$3:$ZX$37, MATCH(AQ$2,'rank provinsi to commodity'!$B$3:$B$37,0),MATCH($B279,'rank provinsi to commodity'!$B$3:$ZX$3,0)) -> 3 | AR279: =INDEX('rank provinsi to commodity'!$B$3:$ZX$37, MATCH(AR$2,'rank provinsi to commodity'!$B$3:$B$37,0),MATCH($B279,'rank provinsi to commodity'!$B$3:$ZX$3,0)) -> 3 | AS279: =INDEX('rank provinsi to commodity'!$B$3:$ZX$37, MATCH(AS$2,'rank provinsi to commodity'!$B$3:$B$37,0),MATCH($B279,'rank provinsi to commodity'!$B$3:$ZX$3,0)) -> 3 | ... BS279: =INDEX('rank provinsi to commodity'!$B$3:$ZX$37, MATCH(BS$2,'rank provinsi to commodity'!$B$3:$B$37,0),MATCH($B279,'rank provinsi to commodity'!$B$3:$ZX$3,0)) -> 3 | BU279: =BU278 -> Perikanan Tangkap PUD (Perairan Umum Daratan, Ton) | BV279: BELUT (Ton) - PUD | BW279: =INDEX('raw-all-komoditas'!$B$3:$ZY$37, MATCH('Komoditas besar Nasional'!BW$2,'raw-all-komoditas'!$B$3:$B$37,0), MATCH('Komoditas besar Nasional'!$BV279,'raw-all-komoditas'!$B$3:$ZY$3,0)) -> 0 | BX279: =INDEX('raw-all-komoditas'!$B$3:$ZY$37, MATCH('Komoditas besar Nasional'!BX$2,'raw-all-komoditas'!$B$3:$B$37,0), MATCH('Komoditas besar Nasional'!$BV279,'raw-all-komoditas'!$B$3:$ZY$3,0)) -> 0 | BY279: =INDEX('raw-all-komoditas'!$B$3:$ZY$37, MATCH('Komoditas besar Nasional'!BY$2,'raw-all-komoditas'!$B$3:$B$37,0), MATCH('Komoditas besar Nasional'!$BV279,'raw-all-komoditas'!$B$3:$ZY$3,0)) -> 0 | BZ279: =INDEX('raw-all-komoditas'!$B$3:$ZY$37, MATCH('Komoditas besar Nasional'!BZ$2,'raw-all-komoditas'!$B$3:$B$37,0), MATCH('Komoditas besar Nasional'!$BV279,'raw-all-komoditas'!$B$3:$ZY$3,0)) -> 0 | CA279: =INDEX('raw-all-komoditas'!$B$3:$ZY$37, MATCH('Komoditas besar Nasional'!CA$2,'raw-all-komoditas'!$B$3:$B$37,0), MATCH('Komoditas besar Nasional'!$BV279,'raw-all-komoditas'!$B$3:$ZY$3,0)) -> 137 | CB279: =INDEX('raw-all-komoditas'!$B$3:$ZY$37, MATCH('Komoditas besar Nasional'!CB$2,'raw-all-komoditas'!$B$3:$B$37,0), MATCH('Komoditas besar Nasional'!$BV279,'raw-all-komoditas'!$B$3:$ZY$3,0)) -> 0 | CC279: =INDEX('raw-all-komoditas'!$B$3:$ZY$37, MATCH('Komoditas besar Nasional'!CC$2,'raw-all-komoditas'!$B$3:$B$37,0), MATCH('Komoditas besar Nasional'!$BV279,'raw-all-komoditas'!$B$3:$ZY$3,0)) -> 0 | CD279: =INDEX('raw-all-komoditas'!$B$3:$ZY$37, MATCH('Komoditas besar Nasional'!CD$2,'raw-all-komoditas'!$B$3:$B$37,0), MATCH('Komoditas besar Nasional'!$BV279,'raw-all-komoditas'!$B$3:$ZY$3,0)) -> 0 | ... DD279: =INDEX('raw-all-komoditas'!$B$3:$ZY$37, MATCH('Komoditas besar Nasional'!DD$2,'raw-all-komoditas'!$B$3:$B$37,0), MATCH('Komoditas besar Nasional'!$BV279,'raw-all-komoditas'!$B$3:$ZY$3,0)) -> 0 | DF279: =IF(C279>=250, "Lebih dari 250M", "Kurang dari 250M") -> Kurang dari 250M | DG279: =IF(D279>=250, "Lebih dari 250M", "Kurang dari 250M") -> Kurang dari 250M | DH279: =IF(E279>=250, "Lebih dari 250M", "Kurang dari 250M") -> Kurang dari 250M | DI279: =IF(F279>=250, "Lebih dari 250M", "Kurang dari 250M") -> Kurang dari 250M | DJ279: =IF(G279>=250, "Lebih dari 250M", "Kurang dari 250M") -> Kurang dari 250M | DK279: =IF(H279>=250, "Lebih dari 250M", "Kurang dari 250M") -> Kurang dari 250M | DL279: =IF(I279>=250, "Lebih dari 250M", "Kurang dari 250M") -> Kurang dari 250M | DM279: =IF(J279>=250, "Lebih dari 250M", "Kurang dari 250M") -> Kurang dari 250M | ... EM279: =IF(AJ279>=250, "Lebih dari 250M", "Kurang dari 250M") -> Kurang dari 250M
A280: Perikanan Tangkap PUD (Perairan Umum Daratan, Milyar) | B280: BELUT LAUT ; PUD | C280: =INDEX('raw-all-komoditas'!$B$3:$ZY$37, MATCH('Komoditas besar Nasional'!C$2,'raw-all-komoditas'!$B$3:$B$37,0), MATCH('Komoditas besar Nasional'!$B280,'raw-all-komoditas'!$B$3:$ZY$3,0)) -> 0.578625 | D280: =INDEX('raw-all-komoditas'!$B$3:$ZY$37, MATCH('Komoditas besar Nasional'!D$2,'raw-all-komoditas'!$B$3:$B$37,0), MATCH('Komoditas besar Nasional'!$B280,'raw-all-komoditas'!$B$3:$ZY$3,0)) -> 7.19652 | E280: =INDEX('raw-all-komoditas'!$B$3:$ZY$37, MATCH('Komoditas besar Nasional'!E$2,'raw-all-komoditas'!$B$3:$B$37,0), MATCH('Komoditas besar Nasional'!$B280,'raw-all-komoditas'!$B$3:$ZY$3,0)) -> 0.14547 | F280: =INDEX('raw-all-komoditas'!$B$3:$ZY$37, MATCH('Komoditas besar Nasional'!F$2,'raw-all-komoditas'!$B$3:$B$37,0), MATCH('Komoditas besar Nasional'!$B280,'raw-all-komoditas'!$B$3:$ZY$3,0)) -> 3.031875 | G280: =INDEX('raw-all-komoditas'!$B$3:$ZY$37, MATCH('Komoditas besar Nasional'!G$2,'raw-all-komoditas'!$B$3:$B$37,0), MATCH('Komoditas besar Nasional'!$B280,'raw-all-komoditas'!$B$3:$ZY$3,0)) -> 0 | H280: =INDEX('raw-all-komoditas'!$B$3:$ZY$37, MATCH('Komoditas besar Nasional'!H$2,'raw-all-komoditas'!$B$3:$B$37,0), MATCH('Komoditas besar Nasional'!$B280,'raw-all-komoditas'!$B$3:$ZY$3,0)) -> 1.52133 | I280: =INDEX('raw-all-komoditas'!$B$3:$ZY$37, MATCH('Komoditas besar Nasional'!I$2,'raw-all-komoditas'!$B$3:$B$37,0), MATCH('Komoditas besar Nasional'!$B280,'raw-all-komoditas'!$B$3:$ZY$3,0)) -> 0 | J280: =INDEX('raw-all-komoditas'!$B$3:$ZY$37, MATCH('Komoditas besar Nasional'!J$2,'raw-all-komoditas'!$B$3:$B$37,0), MATCH('Komoditas besar Nasional'!$B280,'raw-all-komoditas'!$B$3:$ZY$3,0)) -> 1.5645 | ... AJ280: =INDEX('raw-all-komoditas'!$B$3:$ZY$37, MATCH('Komoditas besar Nasional'!AJ$2,'raw-all-komoditas'!$B$3:$B$37,0), MATCH('Komoditas besar Nasional'!$B280,'raw-all-komoditas'!$B$3:$ZY$3,0)) -> 0 | AL280: =INDEX('rank provinsi to commodity'!$B$3:$ZX$37, MATCH(AL$2,'rank provinsi to commodity'!$B$3:$B$37,0),MATCH($B280,'rank provinsi to commodity'!$B$3:$ZX$3,0)) -> 10 | AM280: =INDEX('rank provinsi to commodity'!$B$3:$ZX$37, MATCH(AM$2,'rank provinsi to commodity'!$B$3:$B$37,0),MATCH($B280,'rank provinsi to commodity'!$B$3:$ZX$3,0)) -> 3 | AN280: =INDEX('rank provinsi to commodity'!$B$3:$ZX$37, MATCH(AN$2,'rank provinsi to commodity'!$B$3:$B$37,0),MATCH($B280,'rank provinsi to commodity'!$B$3:$ZX$3,0)) -> 13 | AO280: =INDEX('rank provinsi to commodity'!$B$3:$ZX$37, MATCH(AO$2,'rank provinsi to commodity'!$B$3:$B$37,0),MATCH($B280,'rank provinsi to commodity'!$B$3:$ZX$3,0)) -> 4 | AP280: =INDEX('rank provinsi to commodity'!$B$3:$ZX$37, MATCH(AP$2,'rank provinsi to commodity'!$B$3:$B$37,0),MATCH($B280,'rank provinsi to commodity'!$B$3:$ZX$3,0)) -> 18 | AQ280: =INDEX('rank provinsi to commodity'!$B$3:$ZX$37, MATCH(AQ$2,'rank provinsi to commodity'!$B$3:$B$37,0),MATCH($B280,'rank provinsi to commodity'!$B$3:$ZX$3,0)) -> 8 | AR280: =INDEX('rank provinsi to commodity'!$B$3:$ZX$37, MATCH(AR$2,'rank provinsi to commodity'!$B$3:$B$37,0),MATCH($B280,'rank provinsi to commodity'!$B$3:$ZX$3,0)) -> 18 | AS280: =INDEX('rank provinsi to commodity'!$B$3:$ZX$37, MATCH(AS$2,'rank provinsi to commodity'!$B$3:$B$37,0),MATCH($B280,'rank provinsi to commodity'!$B$3:$ZX$3,0)) -> 7 | ... BS280: =INDEX('rank provinsi to commodity'!$B$3:$ZX$37, MATCH(BS$2,'rank provinsi to commodity'!$B$3:$B$37,0),MATCH($B280,'rank provinsi to commodity'!$B$3:$ZX$3,0)) -> 18 | BU280: =BU279 -> Perikanan Tangkap PUD (Perairan Umum Daratan, Ton) | BV280: BELUT LAUT (Ton) - PUD | BW280: =INDEX('raw-all-komoditas'!$B$3:$ZY$37, MATCH('Komoditas besar Nasional'!BW$2,'raw-all-komoditas'!$B$3:$B$37,0), MATCH('Komoditas besar Nasional'!$BV280,'raw-all-komoditas'!$B$3:$ZY$3,0)) -> 10 | BX280: =INDEX('raw-all-komoditas'!$B$3:$ZY$37, MATCH('Komoditas besar Nasional'!BX$2,'raw-all-komoditas'!$B$3:$B$37,0), MATCH('Komoditas besar Nasional'!$BV280,'raw-all-komoditas'!$B$3:$ZY$3,0)) -> 115 | BY280: =INDEX('raw-all-komoditas'!$B$3:$ZY$37, MATCH('Komoditas besar Nasional'!BY$2,'raw-all-komoditas'!$B$3:$B$37,0), MATCH('Komoditas besar Nasional'!$BV280,'raw-all-komoditas'!$B$3:$ZY$3,0)) -> 4 | BZ280: =INDEX('raw-all-komoditas'!$B$3:$ZY$37, MATCH('Komoditas besar Nasional'!BZ$2,'raw-all-komoditas'!$B$3:$B$37,0), MATCH('Komoditas besar Nasional'!$BV280,'raw-all-komoditas'!$B$3:$ZY$3,0)) -> 87 | CA280: =INDEX('raw-all-komoditas'!$B$3:$ZY$37, MATCH('Komoditas besar Nasional'!CA$2,'raw-all-komoditas'!$B$3:$B$37,0), MATCH('Komoditas besar Nasional'!$BV280,'raw-all-komoditas'!$B$3:$ZY$3,0)) -> 0 | CB280: =INDEX('raw-all-komoditas'!$B$3:$ZY$37, MATCH('Komoditas besar Nasional'!CB$2,'raw-all-komoditas'!$B$3:$B$37,0), MATCH('Komoditas besar Nasional'!$BV280,'raw-all-komoditas'!$B$3:$ZY$3,0)) -> 75 | CC280: =INDEX('raw-all-komoditas'!$B$3:$ZY$37, MATCH('Komoditas besar Nasional'!CC$2,'raw-all-komoditas'!$B$3:$B$37,0), MATCH('Komoditas besar Nasional'!$BV280,'raw-all-komoditas'!$B$3:$ZY$3,0)) -> 0 | CD280: =INDEX('raw-all-komoditas'!$B$3:$ZY$37, MATCH('Komoditas besar Nasional'!CD$2,'raw-all-komoditas'!$B$3:$B$37,0), MATCH('Komoditas besar Nasional'!$BV280,'raw-all-komoditas'!$B$3:$ZY$3,0)) -> 31 | ... DD280: =INDEX('raw-all-komoditas'!$B$3:$ZY$37, MATCH('Komoditas besar Nasional'!DD$2,'raw-all-komoditas'!$B$3:$B$37,0), MATCH('Komoditas besar Nasional'!$BV280,'raw-all-komoditas'!$B$3:$ZY$3,0)) -> 0 | DF280: =IF(C280>=250, "Lebih dari 250M", "Kurang dari 250M") -> Kurang dari 250M | DG280: =IF(D280>=250, "Lebih dari 250M", "Kurang dari 250M") -> Kurang dari 250M | DH280: =IF(E280>=250, "Lebih dari 250M", "Kurang dari 250M") -> Kurang dari 250M | DI280: =IF(F280>=250, "Lebih dari 250M", "Kurang dari 250M") -> Kurang dari 250M | DJ280: =IF(G280>=250, "Lebih dari 250M", "Kurang dari 250M") -> Kurang dari 250M | DK280: =IF(H280>=250, "Lebih dari 250M", "Kurang dari 250M") -> Kurang dari 250M | DL280: =IF(I280>=250, "Lebih dari 250M", "Kurang dari 250M") -> Kurang dari 250M | DM280: =IF(J280>=250, "Lebih dari 250M", "Kurang dari 250M") -> Kurang dari 250M | ... EM280: =IF(AJ280>=250, "Lebih dari 250M", "Kurang dari 250M") -> Kurang dari 250M
A281: Perikanan Tangkap PUD (Perairan Umum Daratan, Milyar) | B281: BELUT TAWAR ; PUD | C281: =INDEX('raw-all-komoditas'!$B$3:$ZY$37, MATCH('Komoditas besar Nasional'!C$2,'raw-all-komoditas'!$B$3:$B$37,0), MATCH('Komoditas besar Nasional'!$B281,'raw-all-komoditas'!$B$3:$ZY$3,0)) -> 6.06625 | D281: =INDEX('raw-all-komoditas'!$B$3:$ZY$37, MATCH('Komoditas besar Nasional'!D$2,'raw-all-komoditas'!$B$3:$B$37,0), MATCH('Komoditas besar Nasional'!$B281,'raw-all-komoditas'!$B$3:$ZY$3,0)) -> 0.463955 | E281: =INDEX('raw-all-komoditas'!$B$3:$ZY$37, MATCH('Komoditas besar Nasional'!E$2,'raw-all-komoditas'!$B$3:$B$37,0), MATCH('Komoditas besar Nasional'!$B281,'raw-all-komoditas'!$B$3:$ZY$3,0)) -> 0.9261 | F281: =INDEX('raw-all-komoditas'!$B$3:$ZY$37, MATCH('Komoditas besar Nasional'!F$2,'raw-all-komoditas'!$B$3:$B$37,0), MATCH('Komoditas besar Nasional'!$B281,'raw-all-komoditas'!$B$3:$ZY$3,0)) -> 5.06807 | G281: =INDEX('raw-all-komoditas'!$B$3:$ZY$37, MATCH('Komoditas besar Nasional'!G$2,'raw-all-komoditas'!$B$3:$B$37,0), MATCH('Komoditas besar Nasional'!$B281,'raw-all-komoditas'!$B$3:$ZY$3,0)) -> 0 | H281: =INDEX('raw-all-komoditas'!$B$3:$ZY$37, MATCH('Komoditas besar Nasional'!H$2,'raw-all-komoditas'!$B$3:$B$37,0), MATCH('Komoditas besar Nasional'!$B281,'raw-all-komoditas'!$B$3:$ZY$3,0)) -> 18.17142 | I281: =INDEX('raw-all-komoditas'!$B$3:$ZY$37, MATCH('Komoditas besar Nasional'!I$2,'raw-all-komoditas'!$B$3:$B$37,0), MATCH('Komoditas besar Nasional'!$B281,'raw-all-komoditas'!$B$3:$ZY$3,0)) -> 0 | J281: =INDEX('raw-all-komoditas'!$B$3:$ZY$37, MATCH('Komoditas besar Nasional'!J$2,'raw-all-komoditas'!$B$3:$B$37,0), MATCH('Komoditas besar Nasional'!$B281,'raw-all-komoditas'!$B$3:$ZY$3,0)) -> 0.04707 | ... AJ281: =INDEX('raw-all-komoditas'!$B$3:$ZY$37, MATCH('Komoditas besar Nasional'!AJ$2,'raw-all-komoditas'!$B$3:$B$37,0), MATCH('Komoditas besar Nasional'!$B281,'raw-all-komoditas'!$B$3:$ZY$3,0)) -> 0 | AL281: =INDEX('rank provinsi to commodity'!$B$3:$ZX$37, MATCH(AL$2,'rank provinsi to commodity'!$B$3:$B$37,0),MATCH($B281,'rank provinsi to commodity'!$B$3:$ZX$3,0)) -> 4 | AM281: =INDEX('rank provinsi to commodity'!$B$3:$ZX$37, MATCH(AM$2,'rank provinsi to commodity'!$B$3:$B$37,0),MATCH($B281,'rank provinsi to commodity'!$B$3:$ZX$3,0)) -> 11 | AN281: =INDEX('rank provinsi to commodity'!$B$3:$ZX$37, MATCH(AN$2,'rank provinsi to commodity'!$B$3:$B$37,0),MATCH($B281,'rank provinsi to commodity'!$B$3:$ZX$3,0)) -> 8 | AO281: =INDEX('rank provinsi to commodity'!$B$3:$ZX$37, MATCH(AO$2,'rank provinsi to commodity'!$B$3:$B$37,0),MATCH($B281,'rank provinsi to commodity'!$B$3:$ZX$3,0)) -> 5 | AP281: =INDEX('rank provinsi to commodity'!$B$3:$ZX$37, MATCH(AP$2,'rank provinsi to commodity'!$B$3:$B$37,0),MATCH($B281,'rank provinsi to commodity'!$B$3:$ZX$3,0)) -> 20 | AQ281: =INDEX('rank provinsi to commodity'!$B$3:$ZX$37, MATCH(AQ$2,'rank provinsi to commodity'!$B$3:$B$37,0),MATCH($B281,'rank provinsi to commodity'!$B$3:$ZX$3,0)) -> 2 | AR281: =INDEX('rank provinsi to commodity'!$B$3:$ZX$37, MATCH(AR$2,'rank provinsi to commodity'!$B$3:$B$37,0),MATCH($B281,'rank provinsi to commodity'!$B$3:$ZX$3,0)) -> 20 | AS281: =INDEX('rank provinsi to commodity'!$B$3:$ZX$37, MATCH(AS$2,'rank provinsi to commodity'!$B$3:$B$37,0),MATCH($B281,'rank provinsi to commodity'!$B$3:$ZX$3,0)) -> 17 | ... BS281: =INDEX('rank provinsi to commodity'!$B$3:$ZX$37, MATCH(BS$2,'rank provinsi to commodity'!$B$3:$B$37,0),MATCH($B281,'rank provinsi to commodity'!$B$3:$ZX$3,0)) -> 20 | BU281: =BU280 -> Perikanan Tangkap PUD (Perairan Umum Daratan, Ton) | BV281: BELUT TAWAR (Ton) - PUD | BW281: =INDEX('raw-all-komoditas'!$B$3:$ZY$37, MATCH('Komoditas besar Nasional'!BW$2,'raw-all-komoditas'!$B$3:$B$37,0), MATCH('Komoditas besar Nasional'!$BV281,'raw-all-komoditas'!$B$3:$ZY$3,0)) -> 169 | BX281: =INDEX('raw-all-komoditas'!$B$3:$ZY$37, MATCH('Komoditas besar Nasional'!BX$2,'raw-all-komoditas'!$B$3:$B$37,0), MATCH('Komoditas besar Nasional'!$BV281,'raw-all-komoditas'!$B$3:$ZY$3,0)) -> 7 | BY281: =INDEX('raw-all-komoditas'!$B$3:$ZY$37, MATCH('Komoditas besar Nasional'!BY$2,'raw-all-komoditas'!$B$3:$B$37,0), MATCH('Komoditas besar Nasional'!$BV281,'raw-all-komoditas'!$B$3:$ZY$3,0)) -> 18 | BZ281: =INDEX('raw-all-komoditas'!$B$3:$ZY$37, MATCH('Komoditas besar Nasional'!BZ$2,'raw-all-komoditas'!$B$3:$B$37,0), MATCH('Komoditas besar Nasional'!$BV281,'raw-all-komoditas'!$B$3:$ZY$3,0)) -> 131 | CA281: =INDEX('raw-all-komoditas'!$B$3:$ZY$37, MATCH('Komoditas besar Nasional'!CA$2,'raw-all-komoditas'!$B$3:$B$37,0), MATCH('Komoditas besar Nasional'!$BV281,'raw-all-komoditas'!$B$3:$ZY$3,0)) -> 0 | CB281: =INDEX('raw-all-komoditas'!$B$3:$ZY$37, MATCH('Komoditas besar Nasional'!CB$2,'raw-all-komoditas'!$B$3:$B$37,0), MATCH('Komoditas besar Nasional'!$BV281,'raw-all-komoditas'!$B$3:$ZY$3,0)) -> 578 | CC281: =INDEX('raw-all-komoditas'!$B$3:$ZY$37, MATCH('Komoditas besar Nasional'!CC$2,'raw-all-komoditas'!$B$3:$B$37,0), MATCH('Komoditas besar Nasional'!$BV281,'raw-all-komoditas'!$B$3:$ZY$3,0)) -> 0 | CD281: =INDEX('raw-all-komoditas'!$B$3:$ZY$37, MATCH('Komoditas besar Nasional'!CD$2,'raw-all-komoditas'!$B$3:$B$37,0), MATCH('Komoditas besar Nasional'!$BV281,'raw-all-komoditas'!$B$3:$ZY$3,0)) -> 2 | ... DD281: =INDEX('raw-all-komoditas'!$B$3:$ZY$37, MATCH('Komoditas besar Nasional'!DD$2,'raw-all-komoditas'!$B$3:$B$37,0), MATCH('Komoditas besar Nasional'!$BV281,'raw-all-komoditas'!$B$3:$ZY$3,0)) -> 0 | DF281: =IF(C281>=250, "Lebih dari 250M", "Kurang dari 250M") -> Kurang dari 250M | DG281: =IF(D281>=250, "Lebih dari 250M", "Kurang dari 250M") -> Kurang dari 250M | DH281: =IF(E281>=250, "Lebih dari 250M", "Kurang dari 250M") -> Kurang dari 250M | DI281: =IF(F281>=250, "Lebih dari 250M", "Kurang dari 250M") -> Kurang dari 250M | DJ281: =IF(G281>=250, "Lebih dari 250M", "Kurang dari 250M") -> Kurang dari 250M | DK281: =IF(H281>=250, "Lebih dari 250M", "Kurang dari 250M") -> Kurang dari 250M | DL281: =IF(I281>=250, "Lebih dari 250M", "Kurang dari 250M") -> Kurang dari 250M | DM281: =IF(J281>=250, "Lebih dari 250M", "Kurang dari 250M") -> Kurang dari 250M | ... EM281: =IF(AJ281>=250, "Lebih dari 250M", "Kurang dari 250M") -> Kurang dari 250M
